赵丽颖,内地,1010
张天爱,香港,1386
迪丽热巴,内地,1763
Angelababy,内地,884
陈学冬,内地,1206
安悦溪,内地,1419
姜妍,内地,1461
郑爽,内地,1038
杨紫,内地,1287
杨洋,内地,1248
李易峰,内地,927
关晓彤,内地,862
胡歌,内地,1189
何明翰,内地,1676
李沁,内地,1239
徐梵溪,内地,909
鹿晗,内地,1646
吴磊,内地,1628
宋轶,内地,1428
乔欣,内地,1619
唐嫣,内地,1126
古力娜扎,内地,1856
王鸥,内地,1075
马可,内地,1583
张馨予,内地,1131
马天宇,内地,1557
张铭恩,内地,1741
麦迪娜,内地,1418
邓伦,内地,771
刘涛,内地,748
杨幂,内地,1170
白敬亭,内地,1669
张檬,内地,1136
吴优,内地,1617
邢昭林,内地,1600
尹正,内地,1571
罗云熙,内地,1639
贾青,内地,1411
侯明昊,内地,1546
陈瑶,内地,1557
张翰,台湾,1092
杨烁,内地,1494
蒋欣,内地,1514
张云龙,内地,1526
胡冰卿,内地,1547
王子文,内地,735
靳东,内地,1420
牟星,内地,1426
江疏影,内地,811
黄子韬,内地,1538
袁姗姗,内地,1321
张彬彬,内地,1576
王源,内地,1667
谭松韵,内地,730
唐艺昕,内地,882
罗晋,内地,1238
王凯,内地,1599
易烊千玺,内地,1758
秦俊杰,内地,1553
赵圆瑗,内地,1339
毛晓彤,内地,1152
李纯,内地,1447
TFBOYS,内地,1404
吴倩,内地,1434
梁振伦,内地,800
陈翔,内地,1632
颖儿,内地,1626
陈晓,内地,1459
张若昀,内地,1416
米露,内地,1493
晁然,内地,1131
吴亦凡,内地,1273
陈梦希,内地,1010
乔任梁,内地,1461
孙佳雨,内地,1469
李一桐,内地,1299
李宏毅,内地,1461
林秋楠,内地,1226
茅子俊,内地,1663
蔡文静,内地,1413
唐娜,内地,1862
刘昊然,内地,1503
范冰冰,内地,1443
马思纯,内地,798
赖雨濛,内地,777
徐璐,内地,1171
于朦胧,内地,1547
阚清子,内地,1623
宋茜,内地,720
孙耀琦,内地,1378
杨菲洋,内地,1305
陈赫,韩国,1535
张萌,内地,1395
徐海乔,内地,1613
王丽坤,内地,1298
王妍之,内地,1475
张艺兴,内地,927
戴向宇,内地,1402
张一山,内地,1131
刘诗诗,内地,1115
刘芊含,内地,1074
斓曦,内地,1412
李晨,内地,1446
蒋劲夫,内地,1494
熊梓淇,内地,1598
曹曦月,内地,1413
李依晓,内地,1423
王珊,内地,1918
杨玏,内地,1664
杨蓉,内地,1451
余男,内地,1278
李心艾,内地,1414
林更新,内地,1582
蔡徐坤,内地,1764
雷佳音,内地,1588
何杜娟,内地,1491
白冰,内地,1412
王洋,内地,1790
井柏然,内地,1440
吕一,内地,1499
张雪迎,内地,1525
赵韩樱子,内地,1438
孙怡,内地,1511
张子萱,内地,1486
柳岩,内地,1345
姜潮,内地,1621
周冬雨,内地,1132
米勒,内地,1576
黄晓明,内地,1357
焦俊艳,内地,1470
杨子姗,内地,1354
万茜,内地,1507
李溪芮,内地,1468
刘美含,内地,1515
景甜,内地,879
刘萌萌,内地,1557
梁洁,内地,1448
杨旭文,内地,1550
毛俊杰,内地,1336
高云翔,内地,1450
娄艺潇,内地,1487
鞠婧祎,内地,1704
陈小纭,内地,1371
袁冰妍,内地,1500
郑业成,内地,1510
李晟,内地,1518
高圆圆,内地,1403
宋威龙,内地,1236
欧豪,内地,1548
邓超,内地,1164
林允,内地,1413
徐冬冬,内地,1461
黄礼格,内地,998
陈钰琪,内地,1333
付辛博,内地,1423
沈梦辰,内地,1696
施诗,内地,1485
张哲瀚,内地,1594
张歆艺,内地,1462
薛之谦,内地,907
鄂博,内地,1694
邢菲,内地,1557
热依扎,内地,1474
蓝盈莹,内地,1537
牛骏峰,内地,1567
舒畅,内地,1430
于和伟,内地,1497
马苏,内地,1290
李小萌,内地,1399
白雪,内地,1892
刘敏涛,内地,1533
张浩,内地,1805
范世錡,内地,1418
吕佳容,内地,1470
张嘉倪,内地,1506
李菲儿,内地,1475
海陆,内地,1594
王亭文,内地,896
金晨,内地,1586
陆毅,内地,1413
郭俊辰,内地,1388
马薇,内地,1199
范丞丞,内地,1113
任嘉伦,内地,1601
张丹峰,内地,1510
刘奕君,内地,1598
韩栋,内地,1598
孔垂楠,内地,1591
杨舒,内地,1767
王晓晨,内地,1477
施予斐,内地,1357
盛一伦,内地,1543
任天野,内地,1610
穆婷婷,内地,1408
孙俪,内地,1126
刘庭羽,内地,1632
严屹宽,内地,1546
袁弘,内地,1419
李砚,内地,1904
韩东君,内地,1586
韩雪,内地,1342
康杰,内地,1854
李佳航,内地,1500
于明加,内地,1421
陈洁,内地,1784
张芷溪,内地,1580
于晓光,内地,1487
李小璐,内地,1360
张维娜,内地,1340
郑恺,内地,1594
胡一天,内地,1165
林源,内地,1791
刘亦菲,内地,1270
白百何,内地,1488
苏青,内地,1480
蒋依依,内地,1473
朱一龙,内地,1669
宋小宝,内地,1489
张子枫,内地,1155
王传君,内地,1237
高伟光,内地,1566
蓝波,内地,1728
李健,内地,1546
李兰迪,内地,1663
李佳奇,内地,1911
晏紫东,内地,1340
于震,内地,1684
李进荣,内地,1025
米热,内地,1593
王俊凯,内地,1241
宋祖儿,内地,1707
孙骁骁,内地,1546
刘芮麟,内地,1549
黄渤,内地,1474
李小冉,内地,1366
何泓姗,内地,1533
王力可,内地,1280
康磊,内地,1193
丁程鑫,内地,898
秦海璐,内地,1614
叶祖新,内地,1659
于毅,内地,1575
闫妮,内地,1470
孙红雷,内地,1538
刘波,内地,1822
石悦安鑫,内地,880
李倩,内地,1635
王千源,内地,1544
孙雪宁,内地,1415
陈紫函,内地,1417
祝绪丹,内地,1299
母其弥雅,内地,1465
秦语,内地,862
刘楚恬,内地,1193
姚星彤,内地,1445
刘娜萍,内地,778
刘晓洁,内地,1441
颜丹晨,内地,1447
尚语贤,内地,1030
应昊茗,内地,1592
刘雅瑟,内地,1517
袁泉,内地,1488
金瀚,内地,1590
刘敏,内地,961
杨明娜,内地,1551
宋佳,内地,1512
宋妍霏,内地,1698
孙艺洲,内地,1612
李宗翰,内地,1639
李梦,内地,1355
闫学晶,内地,1642
毛林林,内地,1431
黄轩,内地,1567
虞朗,内地,941
任重,内地,1635
袁志博,内地,851
沈佳妮,内地,1459
吴谨言,内地,1619
吴昊宸,内地,1202
聂子皓,内地,1073
尤靖茹,内地,1445
张予曦,内地,1513
于越,内地,1216
佟大为,内地,1575
俞灏明,内地,1545
泓萱,内地,980
周奇奇,内地,1482
马秋子,内地,1078
潘之琳,内地,1579
李飞,内地,1867
刘欢,内地,1543
张碧晨,内地,1504
梁超,内地,1703
祖峰,内地,1572
余少群,内地,1699
熊乃瑾,内地,1427
童菲,内地,1380
王美人,内地,1027
瑛子,内地,1907
刘颖伦,内地,1143
柯蓝,内地,1601
白宇,内地,1626
殷桃,内地,1524
侯梦莎,内地,1427
杜淳,内地,972
孙铱,内地,1664
刘烨,内地,1484
杨雨婷,内地,1448
李春嫒,内地,784
江珊,内地,1554
买红妹,内地,1675
隋雨蒙,内地,974
李金铭,内地,1501
艾晓琪,内地,1041
张雨绮,内地,830
李颖,内地,1764
辛芷蕾,内地,1528
沈腾,内地,1533
李明德,内地,1685
韩庚,内地,1634
马春瑞,内地,1115
雨婷儿,内地,1382
于月仙,内地,1524
杨帆,内地,1863
何晟铭,内地,1665
孙坚,内地,1655
任帅,内地,1792
黄一琳,内地,1637
荣梓杉,内地,1146
岳丽娜,内地,1397
阳蕾,内地,989
孙茜,内地,1551
张睿,内地,1579
袁文康,内地,1632
陆子艺,内地,1333
盛冠森,内地,1041
刘恩佑,内地,1368
梁浩,内地,1946
吴秀波,内地,1455
王珂,内地,1537
李乃文,内地,1634
李子峰,内地,1611
李茂,内地,1654
梅婷,内地,1509
马伊琍,内地,1221
原雨,内地,1272
陆妍淇,内地,856
荣蓉,内地,1459
姚笛,内地,1228
翟天临,内地,1535
宋伊人,内地,1385
杨采钰,内地,1543
张晓谦,内地,1550
贾乃亮,内地,1465
尹铸胜,内地,1276
邵兵,内地,1743
李雨轩,内地,1459
柴碧云,内地,1397
刘天佐,内地,1123
刘智扬,内地,1577
王乐君,内地,1489
刘琳,内地,1673
于小彤,内地,1631
安泳畅,内地,724
吉克隽逸,内地,947
刘雨欣,内地,1204
莫小棋,内地,1363
童苡萱,内地,1312
于笑,内地,996
张晓晨,内地,1689
王珞丹,内地,1519
马丽,内地,1498
姜鸿,内地,1583
袁雨萱,内地,1553
甘婷婷,内地,1340
杨曦,内地,1782
刘芸,内地,1321
林思意,内地,1658
周雨彤,内地,1128
周迅,内地,810
陆昱霖,内地,1082
任柯诺,内地,736
林静,内地,1611
虞书欣,内地,1686
林永健,内地,1492
叶青,内地,1697
李程,内地,1944
冉旭,内地,1239
殷叶子,内地,789
叶峰,内地,1884
于小伟,内地,1637
季晨,内地,1675
卢杉,内地,1475
马程程,内地,1017
林江国,内地,1415
陈都灵,内地,1466
梁晶晶,内地,1114
王彦霖,内地,1600
李帅,内地,1835
杀漠,内地,769
戚薇,内地,1199
张峻宁,内地,1650
刘冠翔,内地,1082
沈航,内地,1933
梁爱琪,内地,1153
李呈媛,内地,1390
余皑磊,内地,1302
路晨,内地,1366
余心恬,内地,1388
黎明,内地,1869
杨昆,内地,1950
杨童舒,内地,1485
徐申东,内地,1303
李昕岳,内地,1257
李萌萌,内地,1484
于荣光,内地,1742
申奥,内地,1871
李芯逸,内地,1378
秦岚,内地,1161
王挺,内地,1798
刘潺,内地,1896
侯梦瑶,内地,1168
王闯,内地,1949
岳旸,内地,1034
李泽,内地,1858
赵予熙,内地,885
姚奕辰,内地,1003
王宝强,内地,1326
石安妮,内地,1191
隋咏良,内地,915
陈思成,内地,1623
黄小蕾,内地,1642
张佳宁,内地,1223
楼佳悦,内地,887
沙溢,内地,1482
张炯敏,内地,970
蒲萄,内地,1671
倪妮,内地,796
李超,内地,1852
卢星宇,内地,1199
SNH48,内地,1483
安雅萍,内地,759
杨安琪,内地,1059
阿丽亚,内地,1391
艾伦,内地,1768
安又琪,内地,1774
阿云嘎,内地,1834
安冬,内地,1193
安泽豪,内地,743
艾丽娅,内地,1686
阿楠,内地,1819
敖子逸,内地,1620
安琥,内地,1814
艾如,内地,1091
安淇尔,内地,1672
艾东,内地,1220
安娜,台湾,1795
阿肯,内地,1816
阿斯如,内地,1025
安然,内地,1384
艾克里里,内地,1328
安亚,内地,1218
阿宝,内地,1747
安琪,内地,1678
艾菲,内地,1806
安龙,内地,1923
安宁,内地,1792
敖翔,内地,1185
阿龙,内地,1879
安杰,内地,1890
安宇,内地,1887
安安,内地,1742
阿力木江,内地,1334
安建,内地,1979
阿悄,内地,1336
abby,内地,1701
艾齐,内地,1728
安咚,内地,1193
阿如那,内地,1000
艾洁,内地,1141
阿承,内地,1574
艾里克,内地,1934
阿吉,内地,1857
安鹏,内地,1430
爱戴,内地,1888
阿布都拉,内地,1022
安景瑞,内地,1967
安崎,内地,1643
阿彬,内地,1685
安心,内地,1642
安戈,内地,1363
ATF,内地,1591
奥斯卡,内地,764
安格,内地,1820
敖心仪,内地,908
艾依依,内地,914
艾克,内地,1576
阿左,内地,1257
阿拽,内地,739
安东尼,台湾,1620
白举纲,内地,1716
鲍天琦,内地,1176
包贝尔,内地,1697
白鹿,内地,1656
柏栩栩,内地,832
白客,内地,1609
边潇潇,内地,1597
白卉子,内地,771
白志迪,内地,1107
毕畅,内地,1655
本兮,内地,1333
巴图,内地,1737
包文婧,内地,1578
保剑锋,内地,1719
边程,内地,1338
白雨,内地,1915
白茹,内地,1659
白珊,内地,1101
白凡,内地,1452
白玉,内地,1887
鲍晓,内地,1130
白庆琳,内地,957
班赞,内地,1772
白澍,内地,1397
鲍蕾,内地,1321
毕彦君,内地,1232
卜钰,内地,1083
毕夏,内地,1645
白恩,内地,1299
班嘉佳,内地,1182
博弘,内地,1314
巴多,内地,1062
巴特尔,内地,1708
鲍国安,内地,1765
毕雯珺,内地,1653
边江,内地,1719
百克力,内地,1307
白凯南,内地,1746
鲍春来,内地,1823
白静,内地,1563
柏青,内地,1884
白小白,内地,1152
白雪君,内地,1578
柏安,内地,1274
波波,内地,1848
宝木中阳,内地,1087
边原,内地,917
白羽,内地,1816
包罗君,内地,953
巴森,内地,1300
柏杉,内地,1117
毕福剑,内地,1416
白灵,内地,1006
鲍莉,内地,1147
毕志飞,内地,1314
白晶,内地,1733
白杨,内地,1835
柏寒,内地,1107
巴赫,内地,1719
BEJ48,内地,1243
巴音,内地,1909
白那日苏,内地,791
伯远,内地,1395
白鸽,内地,1905
边伟,内地,1677
白婧,内地,1466
白影,内地,1880
薄冰,内地,1864
宝迪,内地,1795
柏辰,内地,765
柏雪,内地,1374
毕飞宇,内地,1950
白兰,内地,1720
包吉日木图,内地,1070
白云峰,内地,1956
卞卡,内地,1310
陈雅婷,内地,1260
车晓,内地,1383
陈欣予,内地,1403
陈坤,内地,1555
陈建斌,内地,1552
曹骏,内地,1486
柴蔚,内地,1456
程愫,内地,1411
程砚秋,内地,1730
陈若轩,内地,1596
陈龙,内地,1612
陈数,内地,1565
曹曦文,内地,1458
陈泇文,内地,948
春夏,内地,846
陈宥维,内地,1022
程皓枫,内地,1113
蔡俊涛,内地,855
淳于珊珊,内地,1334
陈昱霖,内地,1423
啜妮,内地,1389
曹征,内地,1608
陈国坤,内地,1642
陈丽娜,内地,1798
程小蒙,内地,912
陈秀丽,内地,1656
陈创,内地,1937
陈哲远,内地,1572
陈超,内地,1871
程莉莎,内地,1674
程怡,内地,1234
蔡蝶,内地,842
陈飞宇,内地,1597
查杰,内地,1624
陈小艺,内地,1620
陈维涵,内地,1144
醋醋,内地,1266
曹炳琨,内地,1560
曹璐,内地,1837
陈圆,内地,1185
陈宝国,内地,1617
曹随风,内地,767
成泰燊,内地,1655
蔡国庆,内地,1655
陈宝莲,内地,1284
陈炜,香港,1785
陈晨,内地,1887
曹云金,内地,1444
陈昊宇,内地,1473
陈思斯,内地,1247
陈菲,内地,1889
崔航,内地,1212
陈星旭,内地,1612
陈月末,内地,1453
程媛媛,内地,1525
曹卫宇,内地,1246
曹馨月,内地,957
常远,内地,1716
陈婷,内地,1553
程煜,内地,1846
曹琦,内地,1097
曹星,内地,1261
崔波,内地,1799
陈瑾,内地,1667
柴格,内地,1055
常戎,内地,1199
陈廷嘉,内地,1239
陈一诺,内地,1386
崔鹏,内地,1819
陈道明,内地,1387
陈彦妃,内地,1705
迟帅,内地,1680
陈冲,内地,1518
陈奕龙,内地,1261
陈燃,内地,1705
曹磊,内地,1692
常诚,内地,882
陈昊,内地,1765
崔璨,内地,1085
陈子由,内地,1211
陈泽宇,内地,1364
池程,内地,1025
陈莹,内地,1817
陈莎莉,内地,1244
陈婧,内地,1968
程诚,内地,1341
陈稳,内地,1148
陈佩斯,内地,1482
陈锐,内地,1962
陈明昊,内地,1321
陈美行,内地,1059
曹阳,内地,1642
池子,内地,1808
陈泽希,内地,1065
车永莉,内地,1672
程潇,内地,1870
陈祉希,内地,1193
陈逸恒,内地,867
陈恒,内地,1957
曹力,内地,1876
陈思宇,内地,1893
陈珂,内地,1833
陈迪,内地,1944
陈雨锶,内地,900
丛珊,内地,1742
陈梦瑶,内地,1353
采采,内地,1837
陈刚,内地,1855
曹艳,内地,1945
陈诺,内地,1940
程野,内地,1826
成红,内地,1945
曹荣,内地,1884
陈小雪,内地,1038
曹瑞,内地,1944
曹蕾,内地,1597
陈旭,内地,1876
陈好,内地,1399
翟煦飞,内地,952
陈虎,内地,1942
嗨咖,内地,1360
陈冰,内地,1517
曹杨,内地,1949
程浩,内地,1890
陈嘉俊,内地,797
陈俊豪,内地,1276
陈剑,内地,1887
陈姝,内地,1929
崔志佳,内地,1411
陈蓉,内地,1758
陈姗姗,内地,1393
陈晓萍,内地,784
陈玥,内地,1941
崔志刚,内地,1020
陈佳佳,内地,1740
陈雪,内地,1834
陈慧娟,内地,801
曹颖,内地,1352
陈秋实,内地,975
常波,内地,795
崔新琴,内地,1100
陈梓童,内地,1218
陈正飞,内地,1401
迟重瑞,内地,1487
常乐,内地,1806
曹俊,内地,1799
陈帅,内地,1919
崔雅涵,内地,927
陈鹏,内地,1838
蔡荣,内地,1753
陈浩然,内地,1547
丛尚,内地,842
陈诗敏,内地,928
曹哲,内地,1058
陈果,内地,1591
晨阳,内地,1765
陈欧,内地,1516
陈观泰,内地,1208
崔林,内地,1914
曹凯,内地,1682
常斌,内地,1401
陈良,内地,1958
陈粒,内地,1534
陈奇,内地,1922
陈卓璇,内地,1741
陈铮,内地,1772
常晋,内地,857
曹雪,内地,1932
陈思思,内地,1656
陈意涵,台湾,1153
陈倩楠,内地,1132
常华森,内地,1217
曹毅,内地,1952
陈斌,内地,1892
陈玺达,内地,1653
昌隆,内地,1888
陈涛,内地,1847
程旭,内地,1956
程实,内地,1418
陈莉,内地,1940
蔡紫,内地,1549
陈立新,内地,1973
陈文文,内地,1465
蔡照,内地,916
陈亮,内地,1882
曹帅,内地,1368
曹雷,内地,1490
崔健,内地,1693
陈晓旭,内地,1397
程前,内地,1828
程剑,内地,1679
常索妮,内地,952
陈红,内地,1315
陈昊蓝,内地,806
陈雅森,内地,1006
迟志强,内地,1796
陈更,内地,1747
曹扬,内地,1434
曹格,内地,1590
陈莹莹,内地,1714
陈思,内地,1886
曹可凡,内地,1835
崔永元,内地,1518
陈曦,内地,1832
陈文波,内地,987
陈国良,内地,1965
陈懿,内地,1488
陈新颖,内地,1491
陈宇星,内地,761
陈海龙,内地,1309
陈光,内地,1873
陈园,内地,1319
陈凯,内地,1863
陈博,内地,1922
蔡尧,内地,1130
陈翔宇,内地,855
陈英俊,内地,1178
曹轩宾,内地,1232
陈菲菲,内地,1561
陈明,内地,1810
陈烨,内地,1941
陈鲁豫,内地,1487
陈松,内地,1854
董子健,内地,1501
杜若溪,内地,1444
董晴,内地,1281
代斯,内地,1465
邓家佳,内地,1491
丁勇岱,内地,1873
丁宁,内地,1680
董春辉,内地,818
董洁,内地,1256
代乐乐,内地,1521
代旭,内地,1158
邓莎,内地,1477
邓英,内地,1759
丁海峰,内地,1628
段奕宏,内地,1589
邓琳,内地,1712
董璇,内地,1509
大鹏,内地,1831
董琦,内地,1606
杜鹃,内地,1836
丁冠森,内地,1009
杜海涛,内地,1611
董维嘉,内地,1438
丁禹兮,内地,1693
杜俊泽,内地,1125
邓恩熙,内地,1323
丁嘉丽,内地,1671
董力,内地,1438
代文雯,内地,1301
戴娇倩,内地,1554
段奥娟,内地,1002
杜志国,内地,1578
代超,内地,1449
杜源,内地,1895
杜奕衡,内地,1613
董慧,内地,1857
董勇,内地,1642
佟瑞,内地,817
杜江,内地,1202
杜玉明,内地,1539
梦凯文,内地,1618
杜雨宸,内地,932
戴春荣,内地,1622
丁楠,内地,1170
丁洋,内地,1368
丁柳元,内地,1531
丁晓君,内地,1383
董明珠,内地,1690
段博文,内地,1473
邓郁立,内地,1042
丁志诚,内地,1535
杜旭东,内地,1609
董玥,内地,846
丁丁,内地,1095
大左,内地,1797
杜乔,内地,754
戴景耀,内地,1677
杜宇麒,内地,1358
戴萌,内地,1737
杜艳,内地,1558
杜宁林,内地,771
邓典,内地,1431
杜娟,内地,1796
董岩磊,内地,1697
邓捷,内地,1260
大壮,内地,1847
丁一,内地,1813
丁泽仁,内地,1665
段小薇,内地,1495
多布杰,内地,1511
杜雨露,内地,1597
邓刚,内地,1824
董志华,内地,776
大庆,内地,1937
董博,内地,1927
丁健,内地,1916
丁凯,内地,1946
丁一一,内地,1047
东来东往,内地,1644
董浩然,内地,1480
丁霞,内地,1638
大王,内地,1706
窦晓璇,内地,1010
德柏,内地,1142
杜晓宇,内地,797
戴明,内地,1957
杜沁怡,内地,826
丁川,内地,777
大刚,内地,1924
杜飞,内地,1578
董海,内地,1569
丁桥,内地,1918
邓泽鸣,内地,733
代悦,内地,1037
董卿,内地,1521
邓超元,内地,1614
董思成,内地,1647
邓皓,内地,1931
邓婕,内地,1457
大宝哥,内地,1629
代向菲,内地,1467
戴安娜,内地,1658
大山,内地,1979
刀刀,内地,1794
邓莉,内地,1385
戴路,内地,1610
邓男子,内地,769
杜阳,内地,853
刁磊,内地,1634
段炼,内地,1914
丁俊晖,内地,1649
董峰,内地,1469
段艺璇,内地,1464
戴金正,内地,1198
杜甜,内地,1694
杜薇,内地,891
杜玮,内地,1261
代文君,内地,1289
丁怡,内地,1654
戴军,内地,1810
Dora,内地,1187
丁军,内地,1766
丁瑶,内地,972
戴佩妮,内地,1558
东宇,内地,1725
单良,内地,1215
德欣欣,内地,1771
邓亚萍,内地,1574
董浩,内地,1779
佟俊,内地,1105
董晨,内地,1388
段林希,内地,1274
多亮,内地,1914
董波,内地,1514
董磊,内地,1855
邓云,内地,1967
邓力群,内地,725
丁小雨,内地,733
段丽阳,内地,958
大海,内地,1969
代沁,内地,1571
杜平,内地,1889
丁博,内地,861
杜帅,内地,867
大崎,内地,1309
董贞,内地,1248
大鹤,内地,1205
段宁,内地,755
德格金,内地,1117
东滨,内地,1903
端洋,内地,1384
董志,内地,1646
单霁翔,内地,1503
杜红,内地,1970
顶顶,内地,1840
佟宇,内地,984
丁俊,内地,1975
董小康,内地,1622
丁叮,内地,1275
邓一洲,内地,1270
丁汀,内地,1671
丹尼尔,内地,1808
二珂,内地,1634
傅程鹏,内地,1441
冯绍峰,内地,1472
付嘉,内地,1122
范琳琳,内地,1836
冯雷,内地,1840
飞儿,内地,1796
傅淼,内地,1596
傅晶,内地,1476
方逸伦,内地,1538
冯嘉怡,内地,1422
冯小刚,内地,1374
付梦妮,内地,1233
范明,内地,1824
方川,内地,886
冯文娟,内地,1668
冯远征,内地,1633
范薇,内地,1255
傅艺伟,内地,1431
范湉湉,内地,1768
冯越,内地,806
方慧,内地,1933
付枚,内地,741
范志博,内地,1220
范伟,内地,1602
冯恩鹤,内地,1338
范晓东,内地,1391
冯晖,内地,1230
方安娜,内地,1430
富大龙,内地,1586
方清平,内地,1881
付瑶,内地,911
房子斌,内地,1095
范雨林,内地,845
方子哥,内地,1260
方青卓,内地,1831
冯波,内地,1950
冯国强,内地,965
裴佳欣,内地,1348
范雷,内地,1663
冯俊杰,内地,1085
范梦,内地,1154
冯婧,内地,1054
傅晓,内地,1870
方媛,内地,1401
范艳,内地,991
冯建宇,内地,1316
方芳,台湾,1850
冯铭潮,内地,1183
冯军,内地,1948
冯国庆,内地,794
樊蕊,内地,1011
傅菁,内地,1543
冯鹏,内地,950
冯静,内地,1919
范金子,内地,1545
法提麦·雅琦,内地,755
凤凰传奇,内地,1498
冯凯,内地,1927
范鸿轩,内地,815
繁华,内地,1954
傅勇,内地,834
方旭,内地,1928
方帅,内地,940
傅园慧,内地,1272
费启鸣,内地,1077
方翔锐,内地,1195
冯巩,内地,1511
方从伊,内地,1534
樊野,内地,1079
凤翔,内地,1893
冯薪朵,内地,1703
付磊,内地,1535
付刚,内地,1423
裴紫绮,内地,915
付笛声,内地,1718
冯柯,内地,1579
冯瀚圃,内地,843
付强,内地,1894
方便,内地,1901
芙蓉姐姐,内地,1406
傅如乔,内地,1328
樊玲,内地,1217
冯瀑,内地,1694
裴杰,内地,825
范一宣,内地,1212
范玮,内地,972
范家其,内地,1735
冯仑,内地,1710
丰楚轩,内地,1500
方圆,内地,1938
范超,内地,1489
樊星,内地,1084
樊凡,内地,1316
樊锦诗,内地,1556
凡巧,内地,1903
方舒,内地,1743
傅斌,内地,1662
冯若航,内地,1343
费龙,内地,1065
方成,内地,1788
方百胜,内地,1616
冯皓,内地,992
冯浩,内地,1938
凡小花,内地,1070
冯阳,内地,912
付宏,内地,886
方昕,内地,1626
冯兵,内地,1220
傅强,内地,1971
苑子豪,内地,1644
法朋顺,内地,742
范宇,内地,1958
冯爆,内地,1457
方娜,内地,740
付豪,内地,1743
傅海峰,内地,1749
付万达,内地,1918
方俊杰,内地,898
方梓涵,内地,837
范军,内地,1970
冯青,内地,1937
冯骥才,内地,1800
樊馨蔓,内地,1029
冯样,内地,1649
Force嘟嘟,内地,1224
凡旭,内地,1607
付轶,内地,753
符雅凝,内地,1419
郭德纲,内地,1578
贡米,内地,1769
关婷娜,内地,1370
龚俊,内地,1678
高一清,内地,1010
龚玥菲,内地,1057
郭晓然,内地,905
高露,内地,1451
高鑫,内地,1742
高泰宇,内地,1127
郭京飞,内地,1603
关悦,内地,1421
巩峥,内地,1384
郭姝彤,内地,1067
高海,内地,1916
龚蓓苾,内地,1532
郭艳,内地,1783
甘露,内地,1405
高姝瑶,内地,1067
葛天,内地,1376
耿乐,内地,1734
谷智鑫,内地,1835
高仁,内地,1798
郭家豪,内地,1144
郭珍霓,内地,1452
高锦,内地,1079
顾璇,内地,1213
郭晓冬,内地,1795
高丽雯,内地,1076
高亚麟,内地,1716
郭虹,内地,1303
格桑,内地,1762
公磊,内地,1803
高曙光,内地,1591
高雨儿,内地,1325
高瀚宇,内地,1529
郭晓婷,内地,1495
郭丞,内地,1210
郭鹏,内地,1922
高英,内地,1597
巩新亮,内地,1396
高晓菲,内地,1208
高明,内地,1949
干露露,内地,778
顾艳,内地,1394
高昊,内地,1659
管乐,内地,1827
果静林,内地,1493
郭晓峰,内地,1712
郭子千,内地,807
葛优,内地,1384
郭涛,内地,1616
谷嘉诚,内地,1562
郭子凡,内地,1615
关少曾,内地,1327
葛布,内地,1905
郭威,内地,1616
郭凯敏,内地,1872
高宇,内地,1943
郭广平,内地,1405
高虎,内地,1608
高梓淇,内地,1543
郭家铭,内地,1597
甘薇,内地,1420
郭柯彤,内地,768
高亮,内地,1748
高颖浠,内地,945
高斯,内地,1808
桂晶晶,内地,896
葛荟婕,内地,1411
高婷婷,内地,1149
葛珊珊,内地,755
高志强,内地,1718
高秋梓,内地,1553
高宝宝,内地,906
郭军,内地,1961
郭子睿,内地,1283
顾又铭,内地,763
盖玥希,内地,1554
高旻睿,内地,1040
郭鑫,台湾,1930
高熙儿,内地,820
巩汉林,内地,1678
郭敬明,内地,1342
郭媛媛,内地,966
盖克,内地,1688
郭月,内地,1879
郭美美,内地,1357
关小平,内地,909
郭强,内地,1914
高媛,内地,1943
郭欣,内地,1912
郭雨,内地,1789
高至霆,内地,1311
高源,内地,1912
高健,内地,1870
GAI,内地,1499
高放,内地,1944
姜广涛,内地,1401
郭金,内地,1866
关亚军,内地,746
高强,内地,1477
郭旺,内地,1151
高晓松,内地,1437
郭飞歌,内地,842
关畅,内地,1108
龚洁,内地,1403
gugudan,内地,1495
郭达,内地,1717
关喆,内地,1569
高晓攀,内地,1674
广东雨神,内地,1076
刚毅,内地,1853
甘萍,内地,1271
郭超,内地,1958
关飞扬,内地,1596
高宇航,内地,1722
高大伟,内地,1416
郭峰,内地,1873
高磊鑫,内地,1609
郭金杰,内地,773
郭晶晶,内地,1425
郭林,内地,1970
郭伟,内地,1866
高昂,内地,1627
高腾,内地,1444
高爽,内地,1950
甘雨,内地,1632
高天,内地,1818
高兴,内地,1864
郭旭,内地,1930
高超,内地,1566
龚婉怡,内地,996
顾峰,内地,1610
高冰,内地,1905
管虎,内地,1702
郭靖,内地,1489
高群书,内地,1925
功夫胖,内地,1283
高博,内地,1761
郭子豪,内地,896
关赢,内地,1665
古丽娜,内地,1304
高瑞,内地,1945
郭震,内地,1511
郭亮,内地,1862
关凌,内地,1703
高寒,内地,1700
郭乐,内地,1050
国文学,内地,1010
甘俊,内地,1584
高菲,内地,1936
贡一,内地,1319
高胜,内地,1944
GNZ48,内地,1790
郭笑,内地,907
高榕,内地,1922
郭冬临,内地,1616
高俊杰,内地,1630
高搏,内地,1627
高山,内地,1972
高原,内地,1982
郭佳,内地,1920
郭杨,内地,961
葛洧吟,内地,825
高发,内地,1786
高阳,内地,1941
高毅,内地,1916
钢德尔,内地,912
高森,内地,1930
高婧,内地,997
管羽,内地,1498
葛鑫怡,内地,1282
高院锋,内地,1254
郭晖,内地,1456
高正,内地,796
谷伟,内地,803
关盛泽,内地,914
郭晓敏,内地,1461
古典,内地,1635
高嵩,内地,1921
郭昶,内地,913
高文,内地,1799
郭敏,内地,1956
高圣豪,内地,891
郭凯,内地,1932
高一鸣,内地,1182
古龙,内地,1838
谷雨,内地,1485
高凡,内地,1851
顾磊,内地,744
郭晨冬,内地,1180
顾长卫,内地,1641
郭信阳,内地,1803
高翔,内地,1782
耿辉,内地,1303
高艺,内地,1833
高远,内地,1910
郭宝昌,内地,1929
郭扬,内地,1784
高维,内地,1959
何穗,内地,1562
海一天,内地,1449
黄磊,内地,1512
黄天崎,内地,993
胡然,内地,1357
郝蕾,内地,1402
韩丹彤,内地,1457
郝好,内地,1231
黄梦莹,内地,1409
侯长荣,内地,1238
侯天来,内地,1427
何达,内地,1489
韩承羽,内地,1567
赫雷,内地,1255
黄征,内地,1842
何晴,内地,1507
何彦霓,内地,970
韩东,内地,1839
侯杰,内地,1879
黄洪,内地,1737
黄月,内地,1933
洪辰,内地,1486
霍思燕,内地,1530
胡耘豪,内地,1618
胡先煦,内地,1560
黄海冰,内地,1695
黄宥明,内地,1371
黄景瑜,内地,1734
何花,内地,1525
华晨宇,内地,976
黄薇,内地,1881
何中华,内地,1650
胡静,内地,1368
黄圣池,内地,1505
韩雨芹,内地,1424
韩童生,内地,1776
黄圣依,内地,1172
黄俊捷,内地,1387
海铃,内地,1505
韩烨,内地,1342
胡彦斌,内地,1519
黄觉,内地,1636
胡悦,内地,1788
黑子,内地,1772
火箭少女101,内地,1746
黄曼,内地,1559
何冰,内地,1624
黄靖翔,内地,1539
侯京健,内地,1292
胡兵,内地,1591
海清,内地,1548
黄志忠,内地,1641
黄超,内地,1915
洪尧,内地,1608
何蓝逗,内地,1422
韩兆,内地,1660
何晶,内地,1955
贺刚,内地,1795
黄品沅,内地,829
胡可,内地,1595
霍政谚,内地,1393
黄澄澄,内地,1862
胡杨,内地,1815
何瑞贤,内地,986
韩雯雯,内地,1422
何赛飞,内地,1669
黄灿灿,内地,1695
洪卫,内地,1910
侯勇,内地,1576
胡丹丹,内地,1695
胡军,内地,1657
侯祥,内地,1037
韩悦,内地,1767
黄俊鹏,内地,1605
何佳怡,内地,1156
韩青,内地,1870
赫子铭,内地,1471
海顿,内地,1793
黄婷婷,内地,1650
黄奕,内地,1134
黄新淳,内地,1635
胡夏,内地,1734
胡睿,内地,1834
黄海波,内地,1392
蕙子,内地,1530
洪暐哲,内地,1194
黄明昊,内地,1564
郝爽,内地,809
黄毅,内地,1918
何政军,内地,1835
胡亚捷,内地,1796
黄晓娟,内地,1718
霍青,内地,742
郝帅,内地,1673
黑尾酱,内地,1253
黄杨钿甜,内地,855
海哈金喜,内地,881
黄伟,内地,1860
黄璐,内地,1717
何音,内地,1363
何建泽,内地,1080
洪剑涛,内地,1856
黄羿,内地,1069
哈斯高娃,内地,737
洪佳宁,内地,867
黄其淋,内地,1256
胡意旋,内地,1044
贺峻霖,内地,1300
鸿利,内地,1841
黄海格,内地,1174
何琢言,内地,1283
何苗,内地,1874
花粥,内地,1686
黄忆慈,内地,1527
贺鹏,内地,1901
何文辉,内地,1118
韩张,内地,1289
黄龄,内地,1673
何琳,内地,1679
何洁,内地,1476
黄娟,内地,1958
韩昊霖,内地,951
黄河,内地,1845
何浪,内地,1397
黄婧,内地,1674
黄朋,内地,1246
哈妮克孜,内地,1449
胡珊珊,内地,1020
何雨虹,内地,1103
惠工,内地,1941
红花,内地,1905
黄永刚,内地,1094
何云伟,内地,1669
何德瑞,内地,839
韩沐伯,内地,1475
胡玮炜,内地,1453
胡春杨,内地,1565
洪雁,内地,1213
贺飞,内地,1202
胡明,内地,1867
黄力,内地,1561
何靖,内地,1292
韩燕,内地,1854
黄澜,内地,1693
韩立,内地,1792
韩淼,内地,1372
霍尊,内地,1518
何昶希,内地,1382
何美钿,内地,1534
黄烁文,内地,865
黄靖,内地,1941
郝光,内地,1252
黄幻,内地,1505
黄璐璐,内地,1117
哈琳,内地,1497
黄蓉,内地,1338
何屹繁,内地,1058
黄仁俊,内地,1751
虎妞,内地,1862
何阳,内地,1595
胡文阁,内地,1574
韩冰,内地,1835
好妹妹乐队,内地,1771
郝婷婷,内地,1145
华子,内地,1833
黄豆豆,内地,1774
洪悦,内地,806
黄圆圆,内地,730
海洋,内地,1949
华程,内地,1628
贺加,内地,1559
何洛洛,内地,1365
何翔,内地,915
胡莎莎,内地,824
侯旭,内地,1581
韩红,内地,1520
黄星羱,内地,926
黄霄雲,内地,1517
韩一菲,内地,846
胡蝶,内地,1475
华少,内地,1765
黄毅清,内地,1502
黄恩茹,内地,1100
黄依依,内地,989
黄才伦,内地,1458
胡东,内地,1940
黄梅莹,内地,1672
贺强,内地,1356
韩玖诺,内地,1074
黄海,内地,1964
何群,内地,1872
寒青,内地,1395
黄日华,内地,1534
胡博,内地,1955
候祥,内地,1037
畅洋,内地,1158
韩晓,内地,1920
黄飞,内地,1959
和龙,内地,1950
洪涛,内地,1850
黄榕生,内地,1139
黄绮珊,内地,1657
侯耀华,内地,1422
黄雅莉,内地,1711
韩月乔,内地,1469
郝岩,内地,831
韩福利,内地,882
海子,内地,1756
胡克,内地,1860
黄秒乐,内地,1330
惠青文,内地,1725
惠若琪,内地,1260
何晶晶,内地,977
黄蕾,内地,1890
黄维,内地,1787
黄旭,内地,1781
黄彦,内地,1941
韩璐,内地,1944
何强,内地,1963
韩啸,内地,1742
韩磊,内地,1687
胡海泉,内地,1699
候七,内地,1426
何伟,内地,1874
黄宇航,内地,1219
何姿,内地,1472
何承熹,内地,1099
黄山,内地,1791
黄帝壹,内地,1407
黄健翔,内地,1603
韩丹,内地,1929
胡彪,内地,1313
郝云,内地,1634
菅纫姿,内地,1358
金世佳,内地,1633
蒋梓乐,内地,933
江明洋,内地,956
纪姿含,内地,1636
金莎,内地,1147
江铠同,内地,1369
金巧巧,内地,1538
江映蓉,内地,1622
经超,内地,1572
蒋梦婕,内地,1486
蒋佳恩,内地,1080
江一燕,内地,1515
Jackson,内地,1876
蒋方婷,内地,743
金丰,内地,1871
蒋羽熙,内地,821
姜宏波,内地,1567
蒋林静,内地,1016
季肖冰,内地,1521
蒋雪鸣,内地,726
娟子,内地,1870
蒋毅,内地,1363
蒋龙,内地,1927
金溪,内地,1931
蒋雯丽,内地,1598
金沐,内地,755
季冠霖,内地,1797
贾征宇,内地,1149
姜珮瑶,内地,1470
江奇霖,内地,947
姬他,内地,1200
计春华,内地,1199
金星,内地,1652
金泽灏,内地,1152
姜武,内地,1716
朱佳希,内地,805
解惠清,内地,1070
金尤美,内地,790
江水,内地,1928
姜雯,内地,1552
纪李,内地,1012
姜寒,内地,733
贾景晖,内地,1105
蒋小涵,内地,1499
纪宁,内地,1611
蒋依杉,内地,869
江涛,内地,1874
景岗山,内地,1795
金浩,内地,1788
蒋恺,内地,942
金玉婷,内地,1642
姜梓新,内地,1548
巨兴茂,内地,1360
居来提,内地,1052
佳琪,内地,1782
姜佩瑶,内地,1518
贾冰,内地,1696
吉丽,内地,1781
姜瑞佳,内地,998
蒋璐霞,内地,1462
涓子,内地,1783
金子,内地,1711
贾琳,内地,1072
姜峰,内地,1935
姜文,内地,845
景如洋,内地,849
蒋冰,内地,1096
蒋勤勤,内地,1449
荆浩,内地,1781
贾妮,内地,1548
贾宏伟,内地,890
姜冠南,内地,883
解至腾,内地,1259
晋松,内地,1402
姜超,内地,1809
蒋志光,内地,1143
姜黎黎,内地,1766
金雯昕,内地,851
金铭,内地,1604
蒋易,内地,1130
蒋君,内地,1278
瞿颖,内地,1495
纪凌尘,内地,1414
姜帆,内地,1245
姜贞羽,内地,1528
金钟,内地,1037
姜嫄,内地,1909
江雪,内地,1750
姜振宇,内地,1637
金晶,内地,1828
姜涛,内地,1808
金钊,内地,1764
金刚,内地,1957
吉杰,内地,1722
蒋松,内地,914
居文沛,内地,997
金鑫,内地,1858
江宁波,内地,1705
焦刚,内地,858
嘉羿,内地,1333
金晖,内地,1928
节冰,内地,1381
焦晃,内地,1800
简弘亦,内地,1238
焦迈奇,内地,1602
金咖,内地,1404
鞠萍,内地,1723
Jony J,内地,1637
贾一平,内地,1799
俊杰,内地,1812
金玲,内地,1878
刘超,内地,1843
金成,内地,1924
靳梦佳,内地,1499
金志文,内地,1661
Jasper,内地,1697
金俊秀,韩国,1789
玖月奇迹,内地,1483
姜山,内地,1840
金龟子,内地,1631
甲丁,内地,1430
张佳莹,内地,835
姜志刚,内地,737
蒋金,内地,1301
贾伟,内地,1887
及晓龙,内地,1678
金亮,内地,1856
贾宏,内地,1607
金一帆,内地,1370
吉祥,内地,1969
姜华,内地,1945
金津,内地,1489
江平,内地,1883
金海心,内地,1877
金草,内地,1636
金玟岐,内地,1708
金龙,内地,1947
纪焕博,内地,784
纪敏佳,内地,1637
金大川,内地,1626
蒋可,内地,742
金迪,内地,1866
金中西,内地,1720
焦鹏,内地,736
江森,内地,1714
金柯,内地,1875
靖佩瑶,内地,1291
蒋帅,内地,1625
姜洋,内地,1420
姜楠,内地,1938
金亿,内地,1831
娟儿,内地,1580
金池,内地,1809
井岗山,内地,1811
金粮,内地,1158
鞠红川,内地,1475
金盾,内地,1796
金霄,内地,1552
蒋胜男,内地,1045
蒋昌建,内地,1718
金蓉,内地,1874
金巴,内地,1843
金水心,内地,1792
蒋申,内地,1391
金宇,内地,1868
吉阳,内地,1946
贾旭明,内地,1243
蒋方舟,内地,1642
姜思达,内地,1742
金莉莉,内地,1344
蒋丽莎,内地,1412
金潇,内地,1428
刘江,香港,1842
金佑一,内地,1519
纪连海,内地,1938
金子涵,内地,916
隽冬,内地,1191
井溪,内地,846
金龙成,内地,1668
姜祎,内地,1080
姜鑫,内地,899
纪剑桥,内地,1372
江璐,内地,957
璟熙,内地,968
家辰,内地,1400
蒋敦豪,内地,1031
敬缘,内地,1828
靳文,内地,1281
旭日阳刚,内地,1889
景海鹏,内地,1542
贾超,内地,894
贾雯,内地,1632
吉日木图,内地,1113
佳佳,内地,1678
纪一曈,内地,784
金天,内地,1808
净缘,内地,998
雎晓雯,内地,1631
孔宋今,内地,832
寇振海,内地,1707
孔维,内地,1757
筷子兄弟,内地,1671
孔连顺,内地,1532
康宁,内地,1726
kimi,内地,1606
柯达,内地,1669
孔二狗,内地,1024
康凯,内地,1930
康莉,内地,1863
卡斯柏,内地,1347
肯尼迪,内地,1564
孔雪儿,内地,1408
孔笙,内地,1612
窦唯,内地,1343
坤音四子ONER,内地,1219
柯洁,内地,1261
孔雀哥哥,内地,931
KC,内地,1793
孔令伟,内地,977
康静,内地,1343
凯西,内地,1799
科尔沁夫,内地,742
孔鸿浩,内地,783
可乐,内地,1798
卡奇,内地,1847
孔肖吟,内地,1692
康主才让,内地,1667
孔棚,内地,1757
柯言,内地,1410
李茜,内地,1948
刘佳,内地,1816
李艺彤,内地,1605
李依伊,内地,1012
李依玲,内地,917
刘一祯,内地,1179
李琦,内地,1785
李若嘉,内地,1479
李雪健,内地,1567
梁译木,内地,1083
李庚希,内地,1517
李现,内地,1650
刘洲成,内地,1532
刘美彤,内地,1125
李冰冰,内地,1346
吕鋆峰,内地,981
赖艺,内地,1666
练束梅,内地,1309
刘培,内地,1956
李光洁,内地,1648
李泽锋,内地,963
李晓峰,内地,1669
梁缘,内地,1329
李婷婷,内地,1751
梁红,内地,1823
刘冠麟,内地,1219
李光复,内地,1594
刘凯,内地,1805
李曼,内地,1560
郎月婷,内地,1281
刘威葳,内地,1610
刘珂矣,内地,1529
柳云龙,内地,1612
李念,内地,1401
刘洁,内地,1780
李媛,内地,1747
连奕名,内地,1719
梁冠华,内地,1705
李若宁,内地,1082
廖劲锋,内地,916
来喜,内地,1828
刘小锋,内地,1859
刘俊昊,内地,1031
李幼斌,内地,1621
李坤,内地,1848
梁婧娴,内地,1495
罗志祥,内地,1216
刘维,内地,1720
蓝燕,内地,1216
李诺,内地,1724
李东学,内地,1577
芦芳生,内地,1643
李泰,内地,1770
李勤勤,内地,1582
刘畅,内地,1718
刘思彤,内地,1854
卢卓,内地,1389
李岷城,内地,1228
梁静,内地,1715
刘钧,内地,1814
刘冬沁,内地,1049
李卓霖,内地,834
刘威,内地,1818
林鹏,内地,1576
刘一含,内地,1175
龙梅子,内地,1607
蓝天,内地,1983
李思博,内地,1477
刘冬,内地,1764
刘莉莉,内地,1833
李川,内地,1734
李希侃,内地,1631
鲁天地,内地,1789
刘婉婷,内地,792
刘朔,内地,873
罗钢,内地,1262
刘晓庆,内地,1551
李解,内地,1699
刘之冰,内地,1735
林申,内地,1558
鲁诺,内地,1464
林依轮,内地,1451
刘羽琦,内地,1609
刘雨鑫,内地,1232
梁田,内地,1504
李佳,内地,1694
李玥,内地,1921
雷牧,内地,912
六小龄童,内地,1767
李小胖,内地,1494
刘学义,内地,1564
李洪涛,内地,1922
刘蕾,内地,1920
李浩轩,内地,1005
蓝格,内地,1681
凌潇肃,内地,1533
陆玲,内地,1545
李俊豪,内地,797
林继东,内地,986
李晨浩,内地,1250
李君婕,内地,1260
李智楠,内地,1638
刘佩琦,内地,1706
吕中,内地,1856
刘品言,内地,1572
刘骐,内地,1041
刘桦,内地,1901
鲁缘缘,内地,1616
辣目洋子,内地,1004
刘冉冉,内地,1235
吕夏,内地,1444
罗海琼,内地,1612
卢正雨,内地,1613
刘志宏,内地,1888
刘端端,内地,1255
李建义,内地,1348
刘耀文,内地,1585
廖凡,内地,1499
李浩菲,内地,1447
李东恒,内地,937
罗米,内地,1765
刘蓓,内地,1683
林枫松,内地,825
刘晓晔,内地,1449
刘循子墨,内地,923
刘奇,内地,1819
李小龙,香港,1566
刘硕,内地,1936
刘帅良,内地,1267
刘玉婷,内地,1247
廖俊涛,内地,1042
刘小光,内地,1597
刘流,内地,1748
刘海宽,内地,1435
刘金山,内地,1811
李嘉琪,内地,1913
梁靖康,内地,1610
黎一萱,内地,796
刘越,内地,1946
李季,内地,1933
李思思,内地,1415
李星,内地,1843
罗家英,内地,1708
刘劲,内地,1902
李小燕,内地,1951
李菁菁,内地,1509
李荣浩,内地,1527
刘园园,内地,1677
梁大维,内地,1143
李可,内地,1767
李佳乐,内地,782
卢鑫,内地,1686
刘奕畅,内地,1309
刘鉴,内地,1232
李文玲,内地,824
刘孜,内地,1696
李淳,内地,1893
吕晴,内地,1253
李世鹏,内地,756
梁丽,内地,1882
刘鑫,内地,1601
李成儒,内地,1748
李繁,内地,861
李平安,内地,972
李木子,内地,1784
李嘉明,内地,1365
李永林,内地,1134
李雯雯,内地,991
李汶翰,内地,1660
李晶晶,内地,1938
李明启,内地,1631
李袁杰,内地,1213
卢茜,内地,1212
卢勇,内地,1946
李明珠,内地,1523
刘忻,内地,1796
卢佳,内地,1921
刘婧,内地,1935
刘天池,内地,1400
刘旭,内地,1877
李欣汝,内地,1649
李欢,内地,1854
刘彤,内地,1910
吕小雨,内地,1566
刘潮,内地,1206
林楠,内地,1194
刘向京,内地,839
李博,内地,1873
刘筱筱,内地,1051
李彧,内地,1736
李滨,内地,1928
梁丹妮,内地,1814
李玲玉,内地,1697
李佳璇,内地,1040
李娜,内地,1622
吕凉,内地,1335
刘金龙,内地,1710
李野,内地,1250
李竹,内地,1948
林好,内地,1188
李梦颖,内地,1299
刘凡菲,内地,1319
李煜,内地,1633
李墨之,内地,980
林陌,内地,1476
李菁,内地,1745
李梦男,内地,1063
李莎旻子,内地,1352
骆文博,内地,1009
李欣,内地,1891
黎源,内地,826
罗秀春,内地,764
李歌,内地,876
李彦,内地,1904
雷佳,内地,1654
牟丛,内地,1033
买超,内地,1401
苗圃,内地,1892
孟瑶,内地,1617
马少骅,内地,1818
马境,内地,795
孟瑞,内地,1140
梦楠,内地,1567
马赫,内地,1755
马薇薇,内地,1725
马睿,内地,1898
马雅舒,内地,1349
马蒂亚,内地,1182
闵轩,内地,804
孟丽,内地,1897
马吟吟,内地,920
闵春晓,内地,834
马丁,内地,1801
马浴柯,内地,1028
米咪,内地,1569
孟佳,内地,1675
孟秀,内地,1097
马宁,内地,1886
马鑫,内地,1937
马梓涵,内地,871
毛毅,内地,1018
马仑,内地,1272
孟真,内地,1157
莫丹,内地,1442
闵政,内地,1328
牟凤彬,内地,878
毛孩,内地,1824
马羚,内地,1679
马晓军,内地,1139
马克,内地,1937
麦子,内地,1955
孟子义,内地,1352
马嘉祺,内地,1685
苗苗,内地,1766
马伯骞,内地,1700
孟晓艺,内地,1083
马倩倩,内地,781
毛不易,内地,1726
马驰,内地,1942
马力,内地,1941
马波,内地,1952
马思超,内地,1373
马泽涵,内地,1017
马凡舒,内地,1256
马兰,内地,1885
马德华,内地,1633
马月,内地,1825
马捷,内地,1223
苗青,内地,1951
马晓灿,内地,742
马亮,内地,1968
蒙恩,内地,1893
梦秦,内地,1026
马文超,内地,730
梅雪,内地,1909
马卷卷,内地,1319
孟令宇,内地,793
孟霞,内地,1183
马跃,内地,1860
马艳丽,内地,1727
马栗,内地,1607
马晓峰,内地,929
马锐,内地,1845
马尧,内地,733
毛阿敏,内地,1673
马伯庸,内地,1720
马瑞泽,内地,765
马菲,内地,1383
孟非,内地,1530
马精武,内地,1059
弥阳,内地,1463
马云,内地,1442
闷墩,内地,1199
马龙,内地,1574
马蕊,内地,742
马强,内地,1890
苗阜,内地,1565
毛宁,内地,1615
木子洋,内地,1416
马小明,内地,734
麦麦,内地,1226
毛旭,内地,986
马莉,内地,1883
莫寒,内地,1690
沐岚,内地,866
马刚,内地,1956
毛豆,内地,1742
MI2,内地,1511
马云路,内地,1521
米特,内地,1782
梦桐,内地,1493
马含,内地,1543
马岩,内地,1962
马杰,内地,1912
马文博,内地,1331
铭亮,内地,1196
满强,内地,1518
孟鹏,内地,726
苗杰,内地,1508
马泰,内地,1941
孟阳,内地,1931
马国庆,内地,980
莫北北,内地,1039
马达,内地,1538
木森,内地,1769
马云龙,内地,1008
闫妍,内地,933
马牵牵,内地,1380
孟茜,内地,1320
马灵犀,内地,1602
马迎春,内地,950
马双翼,内地,1113
门丽,内地,1136
孟妍,内地,1373
曼尼,内地,1869
闫文君,内地,721
马超,内地,1547
买龙,内地,1059
明珠,内地,1979
漫琦,内地,732
马诺,内地,1520
苗雨,内地,1508
孟丹,内地,1002
马三立,内地,1691
明鹏,内地,1088
马辉,内地,1931
mini girls,内地,1312
穆萨,内地,1877
米莎莎,内地,1430
马赛,香港,1520
孟涛,内地,1968
梅子涵,内地,1958
弥永恒,内地,1658
明婧,内地,1688
苗乙乙,内地,866
梦洁,内地,1908
孟鑫,内地,1560
毛睿,内地,1108
马敬涛,内地,1444
马丹阳,内地,848
满文军,内地,1659
马征,内地,829
米豆,内地,1754
马勇,内地,1882
孟一鸣,内地,837
麦田,内地,1938
马志,内地,1541
马识途,内地,1963
马丹,内地,1934
麦家,内地,1738
庅娜,内地,1125
米拉,内地,1814
马松,内地,1867
墨谣,内地,1394
毛卫宁,内地,1865
孟欢,内地,1583
那威,内地,1811
倪大红,内地,1549
南笙,内地,1304
聂远,内地,1582
倪景阳,内地,1561
倪虹洁,内地,1581
宁丹琳,内地,1301
NINE PERCENT,内地,1774
牛莉,内地,1398
聂鑫,内地,1714
南派三叔,内地,1659
那英,内地,1389
宁理,内地,1113
娜仁花,内地,1912
聂欢,内地,1554
宁桓宇,内地,1748
宁浩,内地,1672
宁子,内地,1637
倪慕斯,内地,732
牛萌萌,内地,1565
倪秋云,内地,868
娜依,内地,1308
朱云峰,内地,1899
那朵,内地,1675
宁财神,内地,1843
南仁东,内地,1272
宁泽涛,内地,1410
尼古拉斯,内地,1721
南征北战,内地,1843
乃万,内地,1172
那笛,内地,1075
尼格买提,内地,1574
倪娜,内地,1686
奶糖,内地,1725
牛超,内地,1899
倪萍,内地,1436
倪睿思,内地,850
倪超,内地,948
宁鑫,内地,768
欧阳奋强,内地,1493
欧阳慧,内地,1054
潘雨辰,内地,1370
潘时七,内地,1475
蒲巴甲,内地,1611
彭冠英,内地,1601
彭昱畅,内地,1781
彭婧,内地,726
彭小苒,内地,1409
庞瀚辰,内地,1531
潘粤明,内地,1483
彭禺厶,内地,1030
彭博,内地,1790
潘虹,内地,1589
彭杨,内地,1663
彭小冉,内地,995
潘斌龙,内地,1473
潘春春,内地,1393
潘霜霜,内地,1307
潘宥诚,内地,1180
彭丹,内地,1540
潘阳,内地,1558
彭楚粤,内地,1595
潘丹,内地,1512
潘婷,内地,1583
潘洋,内地,861
裴子添,内地,1432
普超英,内地,824
卜冠今,内地,1276
濮存昕,内地,1708
彭玉,内地,1937
潘婕,内地,1211
泡芙,内地,1712
papi酱,内地,1686
彭静,内地,1941
潘辰,内地,1739
彭勃,内地,1821
腾格尔,内地,1616
品冠,内地,1786
彭波,内地,1946
平安,内地,1962
彭佳慧,内地,1617
卜凡,内地,1778
彭雪,内地,1488
庞勇,内地,1417
PG One,内地,1644
潘星谊,内地,812
潘石屹,内地,1380
彭敏,内地,1880
彭信阳,内地,1758
潘伟,内地,1959
彭飞,内地,1958
彭馨,内地,1243
彭涛,内地,1968
苹果园,内地,1974
彭勇,内地,1966
滕达,内地,889
彭慧,内地,1463
魄力,内地,1828
屈楚萧,内地,1418
戚迹,内地,1398
乔乔,内地,1770
邱意浓,内地,1516
屈菁菁,内地,1468
钱泳辰,内地,1671
齐溪,内地,1595
千景,内地,1336
曲尼次仁,内地,831
漆培鑫,内地,1198
曲栅栅,内地,1279
竿竿,内地,1073
秦昊,内地,1510
王梓薇,内地,1538
亓航,内地,926
秦子越,内地,1565
钱波,内地,1584
邱敏,内地,1180
秦卫东,内地,1141
齐襄,内地,852
曲隽希,内地,724
戚砚笛,内地,1346
钱芳,内地,1676
秦沛,内地,1738
钱雁秋,内地,1413
奇道,内地,1437
乔红,内地,1883
秦雪,内地,1459
钱枫,内地,1581
齐峰,内地,1857
齐奎,内地,1192
秦丽,内地,1958
青城,内地,1955
齐芳,内地,1716
秦浩,内地,1948
邱辉,内地,758
强宇,内地,1352
曲高位,内地,1052
启杰,内地,960
区宁,内地,1957
翟子路,内地,882
秦奋,内地,1626
裘继戎,内地,902
曲艺,内地,1953
邱林,内地,1735
秦勇,内地,1921
蔷薇,内地,1907
齐云龙,内地,810
邱枫,内地,1020
齐志,内地,1251
曲婉婷,内地,1657
齐思钧,内地,946
奇凌,内地,781
秋爸秋妈,内地,1506
秦舒培,内地,1474
齐白雪,内地,1754
秦洁,内地,1491
曲波,内地,1925
戚玉武,内地,915
乔波波,内地,1269
邱启明,内地,1601
齐欣,内地,1767
齐迹,内地,1632
妻木夫聪,内地,1417
秦怡,内地,1681
七穗,内地,824
钱磊,内地,1976
齐超,内地,1312
秦凯,内地,1579
秦川,内地,1838
曲岸,内地,1740
祈乐,内地,1633
乔羽,内地,1946
邱秋,内地,839
乔磊,内地,1185
秦子墨,内地,1122
曲吉,内地,1351
秦天,内地,1858
秦晨,内地,1569
钱正昊,内地,1685
箐洋,内地,765
秦臻,内地,1251
茜拉,内地,1781
邱虹凯,内地,1124
齐麟,内地,1349
全保军,内地,1832
钱桂东,内地,1018
秦牛正威,内地,1634
秦深,内地,817
钱蓓婷,内地,1144
钱锟,内地,1449
乔榛,内地,1427
全欣,内地,1624
秦伟,内地,1938
强川,内地,964
邹静之,内地,1596
邱波,内地,1601
茹萍,内地,1612
任素汐,内地,1502
任泉,内地,1529
任伟,内地,1956
任娇,内地,1081
任东霖,内地,806
任程伟,内地,1737
任妙音,内地,1442
任山,内地,1220
任静,内地,1746
榕榕,内地,1886
荣飞,内地,1857
任宇,内地,1133
若风,内地,1583
饶敏莉,内地,831
润土,内地,1839
任豪,内地,1663
任航,内地,1777
饶威,内地,766
仁龙,内地,1837
任正非,内地,1070
饶晓志,内地,772
荣益,内地,978
任雨,内地,1795
任艳,内地,1874
任鲁豫,内地,1518
任志宏,内地,1083
任鹏,内地,1923
任茜,内地,1225
若寒,内地,1200
任敏,内地,1526
任世豪,内地,1439
热依娜,内地,880
任真,内地,1372
任然,内地,1930
容中尔甲,内地,1829
瑞文,内地,1620
任子威,内地,777
软建,内地,1968
孙佳奇,内地,950
孙宁,内地,1523
石兆琪,内地,1330
沈雨,内地,1142
苏菲,内地,1494
石凉,内地,1490
宋宁,内地,1719
石云鹏,内地,804
孙聪,内地,1154
书亚信,内地,914
苏丽,内地,1939
宋晓峰,内地,1710
史可,内地,1729
苏尚卿,内地,1067
宋佳伦,内地,1452
邵峰,内地,1761
文松,内地,1811
沈傲君,内地,1432
尚雯婕,内地,1621
沈保平,内地,877
沈天,内地,1304
苏晓彤,内地,874
沈璐,内地,1312
斯琴高娃,内地,1797
舒耀瑄,内地,792
施京明,内地,1316
宋庆,内地,1958
宋洋,内地,1740
苏鑫,内地,1446
宋涛,内地,1944
孙绍龙,内地,868
苏岩,内地,1752
孙卓,内地,1497
释小松,内地,1141
隋俊波,内地,1569
斯琴高丽,内地,1445
申军谊,内地,1807
时佳,内地,803
石琳,内地,1609
孙琦,内地,1944
孙泽源,内地,1230
孙艺宁,内地,1430
宋晨,内地,1883
沈月,香港,1643
孙晨,内地,1915
沈泰,内地,1614
孙楠,内地,1625
孙嘉璐,内地,858
宋丹丹,内地,1505
史兰芽,内地,1704
宋继扬,内地,1587
孙伊涵,内地,1498
苏可,内地,1363
山新,内地,870
孙嘉灵,内地,869
孙祖君,内地,915
孙安可,内地,1201
孙爽,内地,1034
孙涛,内地,1768
宋春丽,内地,1808
孙天宇,内地,908
盛君,内地,1164
宋佳玲,内地,728
孙岚,内地,1087
萨日娜,内地,1756
孙淳,内地,1719
沈春阳,内地,1618
是安,内地,1446
撒贝宁,内地,1350
孙明明,内地,1490
时诗,内地,1180
释行宇,内地,979
苏勋伦,内地,1423
孙松,内地,1967
孙千,内地,1364
孙亮,内地,1942
宋亚轩,内地,908
孙晶晶,内地,1153
宋娜,内地,1079
沙包,内地,1616
沈瑶,内地,928
孙浠伦,内地,730
孙嘉,内地,1805
桑平,内地,813
沈东军,内地,1441
苏小明,内地,1825
宋晓英,内地,1754
孙洪涛,内地,1397
孙建弘,内地,876
孙逊,内地,1948
盛英豪,内地,1056
孙桂田,内地,978
师铭泽,内地,1527
孙菲菲,内地,1416
苏航,内地,1944
孙岩,内地,1662
司源,内地,1314
孙雅,内地,1884
神童童,内地,1720
孙维民,内地,1391
孙玮,内地,1946
沈丹萍,内地,1896
隋源,内地,1020
萨顶顶,内地,1620
石头,台湾,1985
舒雅,内地,1847
孙敬媛,内地,1494
宋汶霏,内地,1057
孙越,内地,1649
孙熙,内地,1320
孙杨,内地,1582
孙浩,内地,1806
苏芒,内地,1140
孙静雅,内地,841
孙鹏,内地,1865
苏茂,内地,1061
孙毅,内地,1947
师小红,内地,959
苏诗丁,内地,1703
苏瑾,内地,1791
孙浩然,内地,1896
水晶,内地,1900
宋睿,内地,905
沈婷婷,内地,794
孙海英,内地,1759
孙晓飞,内地,1304
孙看,内地,1461
史依弘,内地,1759
孙强,内地,1930
孙莉,内地,1557
苏濛濛,内地,793
沈凌,内地,1810
孙斌,内地,1874
孙雪,内地,1939
石洋子,内地,894
单小航,内地,984
苏小桐,内地,874
沈英,内地,1615
冉莹颖,内地,1471
宋楠惜,内地,1079
施柏宇,内地,1147
史航,内地,1849
孙昊,内地,1949
宋军,内地,1801
宋宁峰,内地,1034
孙珍妮,内地,1662
宋阳,内地,1921
史超,内地,1035
宋禹,内地,801
施南,内地,1847
孙皓,内地,1957
孙铁,内地,1715
施政,内地,1875
时光,内地,1975
Mena,内地,1689
沙宝亮,内地,1766
孙丹丹,内地,1069
宋词,内地,1964
孙黎,内地,1537
孙慧,内地,1976
孙蔚,内地,1436
司雯嘉,内地,793
苏小妹,内地,1944
宋馨,内地,1220
苏红,内地,1831
石天琦,内地,967
史磊,内地,1670
苏妙玲,内地,1398
孙晓东,内地,1977
单田芳,内地,1530
山楂妹,内地,778
苏晗,内地,1362
沈涛,内地,1709
孙萌萌,内地,724
尚华,内地,1944
斯琴格日乐,内地,1759
沈浩,内地,1890
苏醒,内地,1868
孙波,内地,1964
单阳光,内地,1390
SWIN,内地,1643
索尼,内地,1880
斯外戈,内地,1308
邵明明,内地,990
宋雨琦,内地,1636
孙童心,内地,1494
汤晶媚,内地,1420
童瑶,内地,1535
涂黎曼,内地,1139
汤唯,内地,1250
谭凯,内地,1745
陶奕希,内地,1517
陶慧敏,内地,1667
唐熙,内地,1177
童蕾,内地,1455
陶慧,内地,1485
谭卓,内地,1066
唐曾,内地,1101
佟梦实,内地,1586
唐九洲,内地,1308
田小洁,内地,1430
陶昕然,内地,1510
田雷,内地,1849
童可可,内地,1115
唐菀,内地,1451
谈莉娜,内地,1741
田雨,内地,1490
唐昕,内地,871
檀健次,内地,1077
唐国强,内地,1566
陶虹,内地,1462
唐宁,香港,1733
佟晨洁,内地,1312
涂松岩,内地,1736
谭维维,内地,1578
田海蓉,内地,1447
陶泽如,内地,1803
唐鉴军,内地,1820
田野,内地,1921
唐笑,内地,1718
田瑞,内地,1903
汤梦佳,内地,1378
田昊,内地,1379
田亮,内地,1425
唐一菲,内地,1454
佟悦,内地,902
陶然,内地,1936
唐秦,内地,912
唐群,内地,785
唐于鸿,内地,768
田雨橙,内地,1629
铁英华,内地,1215
谭笑,内地,1652
涂凌,内地,803
滕飞,内地,1920
汤晶锦,内地,836
唐晓天,内地,1256
田岷,内地,1117
田娃,内地,1785
田依桐,内地,971
田玲,内地,1316
童鑫,内地,923
陶冶,内地,1830
塔拉,内地,1910
唐本,内地,1773
陶红,内地,1556
童彤,内地,893
田源,内地,1740
童伟,内地,969
田原,内地,1913
田书臣,内地,834
田甜,内地,1828
屠洪刚,内地,1747
涂门,内地,1955
田壮壮,内地,1667
逃跑计划,内地,1728
唐旭,内地,1950
汤龙,内地,776
田朴珺,内地,1341
唐军,内地,1794
汤灿,内地,1669
谭小燕,内地,1146
天娜,内地,996
谭晶,内地,1607
陶飞霏,内地,858
谭涛,内地,811
田燚,内地,1308
Tizzy T,内地,1592
田震,内地,1667
田璐,内地,915
田娜,内地,800
田歌,内地,1960
陶辉,内地,803
谭湘君,内地,801
泰维,内地,1548
汤敏,内地,1765
田凯,内地,1486
菟小麦,内地,949
陶玲,内地,906
田川,内地,1910
铁牛,内地,1860
唐强,内地,1293
陶为,内地,1739
谭正岩,内地,1103
田峰,内地,1491
唐欣,内地,1361
佟铁鑫,内地,1306
陶海,内地,1420
陶醉,内地,1196
谭皓,内地,1331
桃子,内地,1759
铁南,内地,1870
田锋,内地,1560
田华,内地,1835
陶玉玲,内地,1860
腾飞,内地,1836
田松,内地,1029
谭旭,内地,1211
唐赫,内地,728
田旭,内地,1530
同道大叔,内地,1652
塔斯肯,内地,901
唐汉霄,内地,888
田丹,内地,1754
田京凡,内地,1411
唐琴,内地,1121
田飞,内地,1513
泰勒,内地,1700
唐鑫,内地,1457
章翩翩,内地,1655
汤加丽,内地,1207
唐七,内地,1774
唐威,内地,985
Tony,内地,1869
屠岸,内地,1963
陶源,内地,1908
涂经纬,内地,1492
唐心,内地,1530
捈琳,内地,1003
李天柱,台湾,1113
唐朝,内地,1899
田岛,内地,1360
童儿,内地,1782
VP1,内地,1015
王姿允,内地,751
温心,内地,1416
巍子,内地,1728
王啸坤,内地,1693
王学圻,内地,1460
吴京,内地,1465
王良,内地,1197
王晓娟,内地,1917
吴俊余,内地,1666
王子璇,内地,1478
魏千翔,内地,1637
王煜,内地,1835
王鹤棣,内地,1448
王一博,内地,1441
王雷,内地,1598
王玉雯,内地,1509
王汀,内地,1441
邬靖靖,内地,1438
王栎鑫,内地,1654
王鹤润,内地,1548
吴越,内地,1813
王泷正,内地,1376
王瑞子,内地,1511
王嵛,内地,809
吴刚,内地,1651
王李丹妮,内地,1454
王博谷,内地,827
王双,内地,1788
汪铎,内地,1510
王永泉,内地,1240
王劲松,内地,1671
吴樾,内地,1670
王妍苏,内地,772
王皓轩,内地,1405
文卓,内地,1902
王子,内地,1599
王祖蓝,内地,1573
王戈,内地,1882
王维维,内地,1530
王雨,内地,1861
王秋紫,内地,928
王若心,内地,860
邬君梅,内地,1504
王一菲,内地,1360
王琳,内地,1522
王智,内地,1362
王东,内地,1312
王思思,内地,1804
文章,内地,1972
王婉娟,内地,775
吴佳怡,内地,1564
王沛然,内地,745
王萌黎,内地,836
王伟,内地,1693
王一鸣,内地,1730
王笛,内地,1569
王骁,内地,1450
王紫嫣,内地,1309
王靖云,内地,765
王聪,内地,1784
王苗,内地,1948
王瑞昌,内地,1482
王迅,内地,1604
王阳,内地,1716
王丽云,内地,1703
王媛可,内地,1552
王路,内地,1911
王德顺,内地,1338
王浩宇,内地,1906
王仁君,内地,1668
万鹏,内地,1736
王绘春,内地,1343
王茂蕾,内地,1485
吴国华,内地,1942
吴承轩,内地,818
魏翔,内地,1851
王雅捷,内地,1527
王艺曈,内地,784
王真儿,内地,1017
吴昕,内地,969
王梁,内地,1567
王秀竹,内地,1292
文梦洋,内地,1211
王奎荣,内地,1745
王倩一,内地,1014
王子清,内地,1041
王新,内地,1893
王茜,内地,1722
王宁,内地,1559
王同辉,内地,1275
王姬,内地,1563
吴春燕,内地,1369
王静,内地,1845
王玥兮,内地,759
吴婷,内地,1737
吴迪,内地,1741
王景春,内地,1619
王梓桐,内地,979
王志飞,内地,1699
王一楠,内地,1839
王海燕,内地,1744
魏梦,内地,1262
吴京安,内地,1705
王宫良,内地,1104
王十一,内地,877
温峥嵘,内地,1567
王诗龄,内地,1441
王佑硕,内地,1410
魏一,内地,1928
吴昊泽,内地,947
王霏,内地,734
王峥,内地,1931
王晴,内地,1720
王天泽,内地,1081
王艺哲,内地,792
王大治,内地,1375
王茜华,内地,1485
吴雨桐,内地,1282
吴哲晗,内地,1709
维妮,内地,1832
王悦,内地,1848
王惠,内地,1753
王韬,内地,1947
吴恙,内地,1153
文静,内地,1568
王宏,内地,1875
吴彦姝,内地,1133
王思聪,内地,1161
王玮,内地,1885
武僧一龙,内地,1651
王博文,内地,1702
王瑞儿,内地,1099
魏晨,内地,1608
王刚,内地,1593
王超,内地,1863
王瑄,内地,847
王姣月,内地,1202
王雨涵,内地,823
王海洋,内地,1966
王冠,内地,1366
王小利,内地,1671
王砚辉,内地,1506
苇青,内地,816
王全有,内地,739
吴芊盈,内地,1344
汪苏泷,内地,1566
吴希泽,内地,1155
王乐乐,内地,1602
文俊辉,内地,1776
王策,内地,1854
王佳宁,内地,1342
吴玉芳,内地,1244
伍嘉成,内地,1644
王奕,内地,1750
王朝阳,内地,1893
王兰,内地,1953
王庆祥,内地,1887
王丹妮,内地,1188
武艺,内地,1808
王安宇,内地,1252
王佳慧,内地,1100
王君平,内地,1025
吴建国,内地,1948
王子涵,内地,1938
魏震,内地,1087
王艺霖,内地,1862
王莎莎,内地,1381
王铮,内地,1952
汪峰,内地,1102
王斑,内地,1690
吴孟达,内地,1180
王斌,内地,1465
王旭东,内地,1696
王强,内地,1372
王建新,内地,1941
王佳佳,内地,1830
吴玉华,内地,1337
王琦,内地,1730
王玲玲,内地,1943
王森,内地,1814
王梓余,内地,1294
吴其江,内地,1237
万美汐,内地,948
王天辰,内地,1631
王子睿,内地,1211
王薇,内地,1920
王晓,内地,1824
王双宝,内地,858
王彤,内地,1956
王伍福,内地,1303
王红,内地,1922
王紫逸,内地,1048
王自健,内地,1616
王嘉宁,内地,1565
王伟光,内地,1655
王艳,内地,1373
魏璐,内地,889
王纯,内地,1955
王烈,内地,1905
武凌,内地,971
王建国,内地,1355
王冕,内地,1640
王慧,内地,1909
王侃,内地,1461
王宇,内地,1817
吴建飞,内地,1665
王澜,内地,1748
王佳宇,内地,925
王骏毅,内地,745
王歌,内地,883
王一,内地,1847
王学兵,内地,1587
王丽君,内地,1968
吴云飞,内地,1627
王菁华,内地,1140
王鑫,内地,1876
王莫涵,内地,955
吴佳尼,内地,1458
王菁,内地,1879
王举,内地,1084
吴宣仪,内地,1210
吴冕,内地,1585
汪卓成,内地,1376
戚蓝尹,内地,1209
吴晓丹,内地,725
汪俊,内地,1720
王太利,内地,1492
王小宝,内地,1772
王昭,内地,1841
王岚,内地,1916
王美英,内地,723
毛晓慧,内地,1359
吴军,内地,1801
王昊,内地,1841
卫莱,内地,806
王洛勇,内地,1738
王婉中,内地,738
吴旭东,内地,1490
吴楠,内地,1900
王建兵,内地,821
邬倩倩,内地,1661
文志,内地,1933
王亚军,内地,1930
王希维,内地,942
王新军,内地,1681
王楚然,内地,1442
王伟华,内地,1273
王小毅,内地,757
文兆杰,内地,1111
巫刚,内地,1735
王润泽,内地,1611
吴竞,内地,1131
王小虎,内地,1852
王岗,内地,1935
吴莫愁,内地,1627
王亮,内地,1866
汪聪,内地,1130
王成思,内地,1019
王梦婷,内地,1422
吴莉,内地,1882
万思维,内地,1071
王诗槐,内地,1123
王洪祥,内地,1595
吴健,内地,1892
王嘉,内地,1726
王辉,内地,1838
王艺霏,内地,1421
王璐,内地,1858
王伯昭,内地,1722
王敏奕,内地,1178
汪小敏,内地,1614
王可如,内地,1019
温超,内地,1118
王海平,内地,1957
王小华,内地,1836
王华英,内地,737
王婷,内地,1872
王放,内地,1133
王芳,内地,1830
王若涵,内地,1104
王晓曦,内地,768
万翔,内地,1864
伍宇娟,内地,1517
万国鹏,内地,872
王锵,内地,1079
王欢,内地,1798
王政,内地,1957
魏哲鸣,内地,1481
王康,内地,1949
吴若甫,内地,1543
王滨,内地,1968
王艺诺,内地,1231
王黎雯,内地,1617
王小白,内地,1549
武强,内地,1900
王艳梅,内地,1532
王晶,香港,1655
王璐瑶,内地,1777
王志华,内地,1968
肖茵,内地,1305
徐百卉,内地,1656
谢彬彬,内地,1733
王紫璇,内地,1570
徐静蕾,内地,1422
香奈儿,内地,1820
徐可,内地,1667
肖战,内地,1747
许龄月,内地,1450
夏志远,内地,909
晓凡,内地,1955
谢娜,内地,1330
肖天,内地,848
徐开骋,内地,1563
谢孟伟,内地,1435
奚望,内地,1390
夏梓桐,内地,1181
宣璐,内地,1585
徐洪浩,内地,1528
李孟羲,内地,961
小彩旗,内地,1448
小伊伊,内地,1634
徐娇,内地,1421
弦子,内地,1473
许晴,内地,1564
邢恩,内地,1481
辛月,内地,1380
薛佳凝,内地,1419
许凯,内地,1538
熊黛林,内地,1485
徐正溪,内地,1528
徐佳,内地,1744
小斯琴高娃,内地,907
徐婷,内地,1454
许魏洲,内地,1735
许晓诺,内地,1486
徐悦,内地,1805
徐峥,内地,1529
夏楠,内地,1764
辛瑞琪,内地,772
许芳铱,内地,837
许亚军,内地,1574
徐静,内地,1890
谢宁,内地,1817
肖顺尧,内地,1322
许榕真,内地,923
夏雨,香港,1692
徐晓璐,内地,936
习雪,内地,1126
徐熙颜,内地,1169
小张铎,内地,1121
许娣,内地,1733
徐帆,内地,1539
肖央,内地,1486
许文广,内地,1152
徐少强,内地,1606
肖涵,内地,1560
徐好,内地,1645
肖雨雨,内地,1004
馨子,内地,1698
谢昀杉,内地,855
徐僧,内地,1345
辛柏青,内地,1779
邢佳栋,内地,1754
肖燕,内地,1663
徐玉兰,内地,1814
夏阳,内地,1913
谢可寅,内地,1489
夏凡,内地,1905
谢凡,内地,1725
谢楠,内地,1348
许文赫,内地,922
徐立,内地,1752
徐沐婵,内地,884
徐光宇,内地,775
谢苗,内地,1629
徐洋,内地,1839
小喜子,内地,1279
奚美娟,内地,1655
齐琦,内地,813
李佳璘,内地,893
修庆,内地,1589
奚梦瑶,内地,1333
宣言,内地,1877
小爱,内地,1852
夏星,内地,1678
许峰,内地,1939
信鹏,内地,1264
徐峰,内地,1866
许梦圆,内地,833
许佳琪,内地,1718
修睿,内地,1770
厉嘉琪,内地,1174
徐筠,内地,1430
许君聪,内地,1680
徐新驰,内地,918
徐子涵,内地,1778
徐松子,内地,838
徐黄丽,内地,939
许还山,内地,1694
向华强,内地,1505
徐锦江,内地,1226
徐敏,台湾,1914
夏花,内地,1673
潇潇,内地,1906
谢安琪,内地,1783
许多,内地,820
小羽,内地,1467
许敏,内地,1627
徐冬梅,内地,1587
徐洁,内地,1958
徐唯,内地,1012
X玖少年团,内地,1679
徐克,内地,1501
曦子,内地,1211
雪村,内地,1802
小孙浩,内地,739
希林娜依高,内地,1320
西蒙子,内地,816
徐露,内地,1800
夏一可,内地,1043
肖旭,内地,1834
徐浩,内地,1810
小白,内地,1970
涂冰,内地,1200
邢傲伟,内地,1579
小恒,内地,1712
夏之光,内地,1661
小香玉,内地,1648
许还幻,内地,1294
许超,内地,1904
夏添,内地,1261
辛云来,内地,1453
许奕,内地,1010
徐杰,内地,1842
修超,内地,1260
徐歌阳,内地,854
肖聪,内地,1090
徐冲,内地,916
徐美玲,内地,820
谢芳,内地,1856
徐超,内地,1935
熊欣欣,内地,1574
徐程,内地,1724
谢蕾蕾,内地,1609
徐晟,内地,900
肖雄,内地,1827
薛飞,内地,1806
徐爽,内地,906
徐风,内地,1947
薛明媛,内地,749
徐幸,内地,857
许诗茵,内地,1012
徐伟,内地,1907
逍遥散人,内地,1442
徐桂花,内地,789
夏克立,内地,1653
许文楠,内地,1053
徐扬,内地,1877
许嵩,内地,1508
肖剑,内地,1935
向青青,内地,1638
夏元明,内地,735
徐亮,内地,1866
许娜,内地,1012
徐剑,内地,1971
夏月,内地,1423
徐光,内地,1882
徐梦洁,内地,1566
徐东,内地,1936
邢岷山,内地,1321
徐杨,内地,1967
徐卫,内地,1955
小苍,内地,1650
谢钢,内地,765
小葡萄,内地,1763
许珑瀚,内地,1019
徐源,内地,1846
徐艺洋,内地,1508
熊蜜蜜,内地,1239
夏瀚宇,内地,1610
徐梦圆,内地,1403
夏于乔,内地,1064
许诺,内地,742
辛鹏,内地,1309
徐莹,内地,1626
徐晶晶,内地,1866
夏恩,内地,1304
辛明,内地,977
晓龙,内地,1894
徐震,内地,1858
徐睿,内地,1953
许鑫,内地,1492
徐瑾,内地,1342
徐越,内地,1504
萱萱,内地,1791
辛未,内地,1896
薛山,内地,837
徐婕,内地,1522
徐文,内地,1936
许婧,内地,1482
夏播,内地,1734
徐琳,内地,1900
肖凯中,内地,1237
肖阳,内地,1956
肖瑶,内地,1908
许潇晗,内地,1269
肖飞,内地,1949
肖洁,内地,1167
肖雨,内地,1841
许渊冲,内地,1845
向俞星,内地,1036
辛新,内地,800
小鹿姐姐,内地,1811
向昊,内地,743
夏天,韩国,1435
许佳程,内地,866
徐然,内地,1313
许愿,内地,1905
西蒙,内地,1806
肖艺,内地,1501
肖明,内地,1956
徐德亮,内地,1323
许可,内地,1988
向小康,内地,1381
夏后,内地,1939
许吉如,内地,1391
徐诺,内地,1076
信雨江,内地,1779
徐昊,内地,1965
小深深儿,内地,812
谢天依,内地,995
阎娜,内地,1030
尤勇,内地,1948
杨旸,内地,1153
杨雪,内地,1548
叶项明,内地,1040
叶一云,内地,768
印小天,内地,1555
杨青,内地,1875
余玥,内地,1176
于波,内地,1764
杨皓宇,内地,1394
姚刚,内地,1785
姚芊羽,内地,1649
殷洁,内地,1698
于小慧,内地,1288
岳秀清,内地,1274
岳跃利,内地,1801
殷旭,内地,1666
叶梓萱,内地,1142
杨清,内地,1684
杨婷婷,内地,1872
杨阳,内地,1846
杨亚,内地,1923
杨霖,内地,1261
杨能,内地,730
于翔,内地,1740
杨净如,内地,920
岳跃,内地,976
杨紫嫣,内地,732
游悠,内地,1358
尹航,内地,1720
依灵,内地,1558
于咏琳,内地,825
彦希,内地,1493
岳云鹏,内地,1502
杨凯迪,内地,991
于文文,内地,1426
杨超越,内地,1305
杨玥,内地,1502
余承恩,内地,1712
于果,内地,1935
颜丙燕,内地,1685
杨萍,内地,1951
杨冰,内地,1847
焉栩嘉,内地,1600
杨新鸣,内地,1028
杨淇,台湾,1512
袁昊,内地,1551
杨子,内地,1530
杨杏,内地,762
苑冉,内地,818
杨立新,内地,1759
邹元清,内地,1305
于童,内地,1103
杨可,内地,1907
杨蕊,内地,1879
叶子诚,内地,1052
于谦,内地,1504
银艺,内地,1414
姚瑶,内地,1884
袁伟豪,内地,1700
叶静,内地,1925
姚明明,内地,1731
喻恩泰,内地,1631
杨梅,内地,1485
杨紫彤,内地,783
虞祎杰,内地,1076
袁菲,内地,1007
姚橹,内地,1256
姚安濂,内地,1365
杨晨,内地,1789
袁宏,内地,1990
杨晓丹,内地,1022
伊一,内地,1475
杨舒婷,内地,1213
阎青妤,内地,755
袁晶,内地,909
银雪,内地,1643
于洋,香港,1877
杨静,内地,1892
尹姝贻,内地,852
岳以恩,内地,811
衣珊,内地,1073
尹昉,内地,1498
余薇薇,内地,960
杨溢,内地,1694
俞思远,内地,790
岳松,内地,1755
杨铮,内地,1393
YHBOYS,内地,1525
岳红,内地,1937
于滨,内地,1865
闫肃,内地,1489
杨迪,内地,1715
杨洪武,内地,748
于恒,内地,1320
丫蛋,内地,1426
尹俊,内地,1942
易勇,内地,1019
姚贝娜,内地,1325
杨懿,内地,1921
杨柳,内地,1879
宇宙少女,内地,1783
严晓频,内地,1250
于夏茉,内地,829
袁莉,内地,1635
尹玲,内地,869
杨猛,内地,1765
于斌,内地,1683
杨山,内地,1964
殷飞,内地,937
于海,内地,1858
严艺丹,内地,1068
咏梅,内地,1781
阳光,内地,1361
杨钰莹,内地,1486
严禹豪,内地,1132
于承惠,内地,1343
杨峰,内地,1867
杨浩宇,内地,940
游乐儿,内地,1494
袁满,内地,1415
杨丽萍,内地,1436
于湉,内地,1625
尹冠淇,内地,789
杨建平,内地,1711
杨小米,内地,1308
杨若兮,内地,1620
云天飞,内地,1609
杨业明,内地,1375
杨议,内地,1790
一真,内地,1122
尹哲,内地,1278
袁成杰,内地,1765
阳兵卓,内地,968
宇梁,内地,1438
杨彤,内地,1157
庾澄庆,内地,1567
颜东,内地,1253
余明君,内地,996
闫光明,内地,782
杨淼,内地,1782
亦涵,内地,1512
尤宪超,内地,1006
杨坤,内地,1559
郁可唯,内地,1573
于天阳,内地,1697
易扬,内地,1455
姚夏,内地,1115
杨婷,内地,1928
杨名,内地,1343
伊娜,内地,1805
叶一茜,内地,1528
于涛,内地,1971
云千千,内地,720
岳岳,内地,1786
杨明鑫,内地,846
尤浩然,内地,1692
杨肸子,内地,898
于娜,内地,1642
于芷晴,内地,1117
原华,内地,1588
岳华,内地,1826
衣云鹤,内地,1359
远明,内地,1570
英达,内地,1605
杨政,内地,1893
杨娜,内地,1929
Yamy,内地,1755
杨珑,内地,820
姚远,内地,1888
叶蕴仪,内地,1667
杨大鹏,内地,887
杨哲,内地,1934
杨娟,内地,1883
喻言,内地,1542
杨光,内地,1841
语欣,内地,1290
于济玮,内地,1027
杨冲,内地,1546
姚望,内地,1294
俞晴,内地,937
袁苑,内地,823
杨卫国,内地,816
杨骏,内地,1871
杨昊铭,内地,978
杨轶,内地,1856
叶鹏,内地,1896
于尚,内地,1590
于歌,内地,786
杨树,内地,1826
袁哲,内地,1337
易建联,内地,1355
杨祺,内地,1394
曾舜晞,内地,1048
张涵予,内地,1565
周一围,内地,1579
张龄心,内地,1425
左小青,内地,1313
张逸杰,内地,1554
张鲁一,内地,1539
张含韵,内地,1451
赵奕欢,内地,1346
张雨剑,内地,1629
张赫,韩国,1768
张洪睿,内地,799
朱亚文,内地,1561
张嘉译,内地,1520
章贺,内地,1080
张静初,内地,1539
郑清文,内地,760
曾黎,内地,1213
张俪,内地,1568
周艺轩,内地,1653
臧洪娜,内地,1035
张殿菲,内地,1065
张定涵,内地,1701
赵金麦,内地,1620
张琰琰,内地,810
赵露思,内地,1572
朱锐,内地,1640
曾虹畅,内地,783
张倬闻,内地,1142
张子健,内地,1746
赵立新,内地,1539
赵子琪,内地,1574
张小斐,内地,1311
郑合惠子,内地,1484
张丰毅,内地,1542
张晓龙,内地,1618
周放,内地,1397
张陆,内地,1738
朱茵,香港,1358
赵今麦,内地,1620
张承,内地,1875
邹杨,内地,1162
张雯,内地,1618
赵艺,内地,1639
张慧,内地,1873
张迪,内地,1857
张慧雯,香港,1458
张籽沐,内地,1546
张明明,内地,1754
张文婷,内地,1131
张译,内地,1683
战菁一,内地,1120
张婉儿,内地,1254
周庭伊,内地,842
种丹妮,内地,1337
郑鹏飞,内地,814
张熙媛,内地,1048
朱圣袆,内地,1035
赵顺然,内地,964
张超,内地,1700
朱子岩,内地,1111
张耀,内地,1655
宗峰岩,内地,1578
张润,内地,1911
左航,内地,1139
张艺瀚,内地,1372
张语格,内地,1764
张铎,内地,1713
朱颜曼滋,内地,1572
张蓝心,内地,1381
张博,内地,1728
朱珠,内地,1547
张双利,内地,1559
赵志伟,内地,1418
周楚楚,内地,1231
赵昕,内地,1839
朱雨辰,内地,1559
张瑞涵,内地,946
张志坚,内地,1943
张晞临,内地,1517
郑国霖,内地,1816
张辛苑,内地,1421
扎卡,内地,1954
赵倩,内地,1934
赵弈钦,内地,1369
曾泳醍,内地,1379
张政,内地,1877
朱嘉琦,内地,863
朱丹,内地,1529
张杰,内地,1212
章龄之,内地,1490
赵柯,内地,1655
钟楚曦,内地,1568
张进,内地,1922
张瑶,内地,1737
张柏嘉,内地,780
朱佳煜,内地,1088
张鑫,内地,1780
赵本山,内地,1584
张彤,内地,1812
章子怡,内地,1211
张雅玫,内地,893
张磊,内地,1785
张南,内地,1941
赵薇,内地,1269
张雅涵,内地,943
周知,内地,1812
周韦彤,内地,1188
朱刚日尧,内地,912
赵子惠,内地,1176
张天阳,内地,1130
张立,内地,1929
张美娥,内地,869
张恒,内地,1280
张凯丽,内地,1540
张璇,内地,1613
周奇,内地,1571
赵荀,内地,976
张少华,内地,1624
朱梓骁,内地,1675
钟祺,内地,1194
宁心,内地,1695
张皓然,内地,1452
钟超,内地,984
张延,内地,1800
张宥浩,内地,1534
赵蕴卓,内地,1044
张笑君,内地,759
朱元冰,内地,1746
郑罗茜,内地,1547
邹廷威,内地,1494
张伦硕,内地,1416
周震南,内地,1714
张光北,内地,1741
周玲,内地,1954
张本煜,内地,1167
张帆,内地,1873
赵丹,内地,1856
张国强,香港,1829
张梓琳,内地,1467
朱赞锦,内地,1450
赵飞燕,内地,1480
赵达,内地,1544
赵英俊,内地,996
朱戬,内地,1621
张大大,内地,1511
赵煜,内地,1150
赵粤,内地,1693
张婷婷,内地,1775
周升,内地,895
周铁,内地,1962
郑龙,内地,1961
赵多娜,内地,788
周游,内地,1890
张鹰,内地,1415
赵兆,内地,1334
张博宇,内地,1729
张桐,内地,1796
庄达菲,内地,1210
曾梦雪,内地,1149
周泓,内地,1295
张洪杰,内地,1645
张颖,内地,1833
郑晓宁,内地,1247
周扬,内地,1713
张冬,内地,1878
周牧茵,内地,1051
张曦文,内地,1541
曾妮,内地,1084
张亦驰,内地,1288
朱泳腾,内地,1562
章宇,内地,1475
周显欣,内地,1481
张洋,内地,1887
张国立,内地,1667
张晔子,内地,860
章婷婷,内地,836
张一鸣,内地,1462
张亮,内地,1602
张译木,内地,724
周杰,内地,1456
张云雷,内地,1186
张静静,内地,1246
张宁江,内地,1471
周峻纬,内地,1458
赵健,内地,1794
周璞,内地,822
周冬齐,内地,1099
张澍,内地,1921
张新成,内地,1622
张浩天,内地,853
赵毅,内地,1857
张思帆,内地,1361
张雅钦,内地,1284
邹凯,内地,1685
张浩然,内地,1943
朱铁,内地,1701
朱杰,内地,1769
章伟,内地,1892
张馨元,内地,1028
张雷,内地,1869
赵波,内地,1923
张天其,内地,780
张子文,内地,1188
郑湫泓,内地,1651
张哲,内地,1875
张子豪,内地,1447
张翔,内地,1876
章涛,内地,1340
张琛,内地,1957
郑楠,内地,1947
张颂文,内地,1235
赵聪,内地,1737
赵文卓,内地,1589
张岩,内地,1606
甄锡,内地,851
张茜,内地,1673
周小林,内地,1179
赵秦,内地,1331
赵恒煊,内地,1199
张粟,内地,805
周笔畅,内地,1139
赵思,内地,793
赵博,内地,1940
张艺上,内地,1421
张晶晶,内地,1927
周帅,内地,1614
张海宇,内地,1646
张燕妮,内地,974
张蓓蓓,内地,1018
赵嘉敏,内地,1701
张雨薇,内地,798
郑卫莉,内地,1050
张真源,内地,1443
朱媛媛,内地,1730
赵霁,内地,1677
张山,内地,1957
赵圆圆,内地,1226
周雪,内地,1617
赵茜,内地,1872
张静,内地,1888
曾一萱,内地,1039
邵帅,内地,1922
朱虹,内地,1839
张逗逗,内地,919
张海燕,内地,1958
张戈,内地,1913
左翎,内地,743
张文俊,内地,1710
郑伟,内地,1858
张国庆,内地,1969
周韵,内地,1321
赵红霞,内地,1236
周航,内地,1892
周洁,内地,1785
赵君,内地,1950
赵荣,内地,1967
张俊一,内地,830
赵雅淇,内地,1429
张悦轩,内地,1650
张可,内地,1780
张莉,内地,1785
周浩东,内地,982
张洢豪,内地,792
张馨月,内地,1493
赵芮,内地,1147
郑妙,内地,1214
赵越,内地,1760
周毅,内地,1637
张家豪,内地,1680
赵阳,内地,1868
郑奇,内地,1401
上白,内地,1587
张小磊,内地,1280
张兰,内地,1632
郑强,内地,1802
张楚楚,内地,1083
朱璇,内地,1451
朱梦瑶,内地,812
张衣,内地,958
张旭,内地,1548
仲尼,内地,1749
陈伟霆,香港,720
刘恺威,香港,1412
文咏珊,香港,1207
郑雅文,香港,1409
余文乐,香港,1399
任达华,香港,1642
吴卓羲,香港,1665
李治廷,香港,1627
关智斌,香港,1714
钟汉良,香港,1365
颜卓灵,香港,1501
苑琼丹,香港,1661
林子聪,香港,1678
刘德华,香港,1342
洪金宝,香港,1663
成龙,香港,1565
佘诗曼,香港,1641
林峰,香港,1670
叶璇,香港,1571
罗仲谦,香港,1678
周星驰,香港,1354
袁咏仪,香港,1501
李彩桦,香港,1581
胡杏儿,香港,1309
刘佩玥,香港,1661
林夏薇,香港,1717
苗侨伟,香港,1674
傻强,香港,1215
杨怡,香港,1683
曾志伟,香港,1557
米雪,香港,1581
黄宗泽,香港,1590
马国明,香港,1693
莫绮雯,香港,773
杨恭如,香港,1408
莫文蔚,香港,1481
邵美琪,香港,1758
元秋,香港,1773
蒙嘉慧,香港,1649
容祖儿,香港,1283
张智尧,香港,1590
连诗雅,香港,1402
马浚伟,香港,1792
洪永城,香港,1879
黄智贤,香港,1731
马德钟,香港,1766
孙佳君,香港,941
卢靖姗,香港,1529
陈键锋,香港,1733
麦长青,香港,1551
莫少聪,香港,1693
康华,香港,1874
吴千语,香港,1594
阮兆祥,香港,1725
邝美云,香港,1775
钟欣潼,香港,1538
蔡卓妍,香港,1645
樊少皇,香港,1588
邓紫棋,香港,1268
陈浩民,香港,1528
张锦程,香港,1486
古天乐,香港,1538
周秀娜,香港,1464
江美仪,香港,1519
贾晓晨,香港,1686
王君馨,香港,1892
张晋,香港,1487
谢君豪,香港,1698
方中信,香港,1687
钟丽缇,香港,1476
朱晨丽,香港,1676
谭俊彦,香港,1879
周海媚,香港,1457
高海宁,香港,1724
周润发,香港,1460
向佐,香港,1557
张卫健,香港,1600
郑嘉颖,香港,1549
安志杰,香港,1613
周丽淇,香港,1580
郭富城,香港,1502
黄子恒,香港,1172
甄子丹,香港,1518
谢霆锋,香港,1531
朱千雪,香港,1771
吕良伟,香港,1580
张家辉,香港,1549
张兆辉,香港,1675
刘嘉玲,香港,1418
薛凯琪,香港,1620
张继聪,香港,1849
李若彤,香港,1311
谭耀文,香港,1773
林正英,香港,1490
丁子峻,香港,1706
蔡思贝,香港,1709
翁虹,香港,1176
陈小春,香港,1337
吴彦祖,香港,1454
欧阳震华,香港,1518
陈展鹏,香港,1712
郑中基,香港,1702
陈雅丽,香港,865
赵雅芝,香港,1494
关咏荷,香港,1472
许雅婷,香港,1155
陈凯琳,香港,1501
张智霖,香港,1526
李施嬅,香港,1479
邱淑贞,香港,1011
关之琳,香港,1425
蔡洁,香港,1786
李亚男,香港,1426
钱小豪,香港,1736
陈晓东,香港,1661
许绍雄,香港,1776
郑佩佩,香港,1621
陈滢,香港,1826
邓丽欣,香港,1613
栗子儿,香港,1196
麦明诗,香港,1623
陈静,香港,1646
冯德伦,香港,1412
罗嘉良,香港,1734
恬妞,香港,1741
郑则仕,香港,1655
邓萃雯,香港,1703
汤镇业,香港,1623
林雪,香港,1831
陈少霞,香港,1543
杨明,香港,1852
何雁诗,香港,1039
庄思敏,香港,1654
邓兆尊,香港,842
梁家辉,香港,1545
房祖名,香港,1383
梁琤,香港,795
徐子珊,香港,1763
方力申,香港,1775
胡定欣,香港,1723
邹兆龙,香港,1556
梁洛施,香港,1496
谭凯琪,香港,1647
吴岱融,香港,1749
刘锡明,香港,1743
卢惠光,香港,1636
吴镇宇,香港,1527
温碧霞,香港,1502
黄翠如,香港,1882
陈慧琳,香港,1593
万绮雯,香港,1481
张柏芝,香港,1343
王菀之,香港,1711
曾江,香港,1798
陈嘉桓,香港,1544
陈敏之,香港,1694
陈庭欣,香港,1455
岑丽香,香港,1726
陈嘉宝,香港,724
唐诗咏,香港,1815
陈法拉,香港,1622
李健仁,香港,1583
傅颖,香港,1878
陈惠敏,香港,1574
李连杰,香港,1478
钟嘉欣,香港,1656
吴君如,香港,1707
刘雪华,香港,1686
张可颐,香港,1720
李子雄,香港,1874
郑欣宜,香港,1499
骆达华,香港,1605
钱嘉乐,香港,1718
黄子华,香港,1700
郑伊健,香港,1617
何家劲,香港,1728
张曼玉,香港,1413
梁朝伟,香港,1493
吴绮莉,香港,1401
蔡少芬,香港,1491
李元玲,香港,1009
伍允龙,香港,1439
刘碧丽,香港,1221
冯宝宝,香港,1549
黄智雯,香港,1692
蔡瀚亿,香港,785
张曦雯,香港,1720
唐文龙,香港,1693
杨紫琼,香港,1585
元华,香港,1842
廖碧儿,香港,1708
王浩信,香港,1738
章小蕙,香港,1377
萧正楠,香港,1784
冯淬帆,香港,1338
汤洛雯,香港,1602
张学友,香港,1390
张镐濂,香港,1277
谢雪心,香港,1112
刘心悠,香港,1506
周柏豪,香港,1617
汤镇宗,香港,1870
张暖雅,香港,1128
林家栋,香港,1685
利智,香港,1215
周漾玥,香港,1082
姚子羚,香港,1737
万梓良,香港,1558
吕颂贤,香港,1661
龚慈恩,香港,1777
陈冠希,香港,1519
古巨基,香港,1585
刘青云,香港,1580
叶童,香港,1569
姜皓文,香港,1604
谢天华,香港,1706
邓佩仪,香港,1302
陈自瑶,香港,1689
梁家仁,香港,1853
梁小龙,香港,1618
王菲,香港,1291
李丽珍,香港,1285
谭咏麟,香港,1729
卢海鹏,香港,1547
陈法蓉,香港,1592
叶玉卿,香港,1386
黎耀祥,香港,1845
丹尼,香港,1891
郭晋安,香港,1900
李嘉,香港,1832
卫诗雅,香港,1523
关礼杰,香港,1920
温兆伦,香港,1735
李嘉欣,香港,1484
何佩瑜,香港,1382
陈奕迅,香港,1402
陈茵媺,香港,1869
宣萱,香港,1710
麦嘉,香港,1935
沈震轩,香港,1070
黄浩然,香港,1793
杨采妮,香港,1673
张名雅,香港,966
吴若希,香港,1660
伍咏薇,香港,1727
周慧敏,香港,1456
刘松仁,香港,1750
欧阳佩珊,香港,901
汪明荃,香港,1714
梁靖琪,香港,1491
陈豪,香港,1730
梁咏琪,香港,1654
吴家丽,香港,1510
杨千嬅,香港,1644
郑少秋,香港,1532
洪天照,香港,1150
高钧贤,香港,890
单立文,香港,1412
鲍起静,香港,1499
何浩文,香港,777
吴启华,香港,1670
吴毅将,香港,1481
罗兰,香港,1841
江嘉敏,香港,1546
洛诗,香港,1676
冯盈盈,香港,1770
田蕊妮,香港,1787
张彦博,香港,786
余安安,香港,1798
林伟,香港,1894
黄德斌,香港,1775
田启文,香港,981
蔡明,香港,1110
郑希怡,香港,1526
李司棋,香港,1750
江若琳,香港,1670
李国麟,香港,1656
梁烈唯,香港,1735
张国荣,香港,1312
赖水清,香港,1808
张驰,香港,1850
潘志文,香港,901
何超仪,香港,1578
郑浩南,香港,1636
高雄,香港,1895
陈荣炼,香港,1555
郭羡妮,香港,1732
洪天明,香港,1786
王馨平,香港,1870
黄心颖,香港,1435
袁祥仁,香港,894
曾国祥,香港,1659
威利,香港,1821
要武,香港,771
尹子维,香港,1589
张敏,香港,1336
元彪,香港,1763
王祖贤,韩国,1379
吴家乐,香港,964
傅嘉莉,香港,1074
陈松伶,香港,1753
钟楚红,香港,1423
石修,香港,1610
何广沛,香港,1319
谢贤,香港,1406
杨玉梅,香港,1226
陈震,香港,1774
黄恺杰,香港,1622
邵音音,香港,1369
蓝洁瑛,香港,1261
林保怡,香港,1759
黎姿,香港,1422
陈百祥,香港,1710
戚美珍,香港,1776
邵仲衡,香港,846
王敏德,香港,1562
汤怡,香港,1596
廖启智,香港,1898
午马,香港,1694
盖鸣晖,香港,808
杨思琦,香港,1651
林嘉华,香港,877
胡鸿钧,香港,1779
曹永廉,香港,1676
狄龙,香港,1686
林子善,香港,1156
梁汉文,香港,1928
元宝,香港,1974
陈山聪,香港,1744
陈婉婷,香港,1338
朱永棠,香港,1215
钟镇涛,香港,1728
刘兆铭,香港,1156
黄又南,香港,972
敖嘉年,香港,985
林德信,香港,1129
林韦辰,香港,1078
姜大卫,香港,1752
郭政鸿,香港,1429
林俊贤,香港,1679
陈慧珊,香港,1685
吴廷烨,香港,848
夏梦,香港,1382
黄一山,香港,1788
张慧仪,香港,1315
张嘉儿,香港,927
李修贤,香港,1816
乐瞳,香港,734
苏玉华,香港,1403
夏文汐,香港,1280
刘浩龙,香港,1723
李思捷,香港,1513
向海岚,香港,1666
毛舜筠,香港,1583
陈锦鸿,香港,1778
陈司翰,香港,1100
陈家乐,香港,1875
黄一飞,香港,1796
方勇,香港,1942
杨爱瑾,香港,1242
林文龙,香港,1761
朱咪咪,香港,1142
郑俊弘,香港,1212
陈美琪,香港,1441
杨秀惠,香港,1494
程东,香港,1853
王梓轩,香港,1317
黄锦燊,香港,1811
秦煌,香港,1110
柏安妮,香港,1121
滕丽名,香港,1722
江欣燕,香港,1759
邓健泓,香港,982
张瑜,香港,1724
吴志雄,香港,1753
林威,香港,1910
詹瑞文,香港,1217
郑子诚,香港,733
吕珊,香港,760
何傲儿,香港,1552
吕慧仪,香港,1696
周俊伟,香港,1033
胡子彤,香港,735
欧瑞伟,香港,900
李豪,香港,1928
官恩娜,香港,1687
骆应钧,香港,1028
成奎安,香港,1620
孟飞,香港,1929
本杰明,香港,1672
白只,香港,756
斑斑,香港,1921
白彪,香港,1192
Bing,香港,1720
陈雅伦,香港,1349
陈启泰,香港,1465
陈慧娴,香港,1671
陈加玲,香港,745
陈家良,香港,748
陈嘉辉,香港,1064
陈玉莲,香港,1572
陈秀珠,香港,1439
陈琪,香港,1821
陈欣健,香港,947
陈勋奇,香港,1674
陈咏桐,香港,909
陈子聪,香港,1037
陈美诗,香港,1117
陈可辛,香港,1444
陈振华,香港,1964
陈伟雄,香港,865
陈建文,香港,1275
陈光耀,香港,1261
草蜢,香港,1818
蔡志强,香港,800
董骠,香港,1107
丁飞俊,香港,743
狄威,香港,1249
杜德伟,香港,1760
杜宇航,香港,942
杜可风,香港,1639
杜丽莎,香港,1587
傅明宪,香港,1643
方大同,香港,1710
方刚,香港,1903
方平,香港,1777
关菊英,香港,1625
关秀媚,香港,1250
恭硕良,香港,1126
郭锋,香港,1943
郭可盈,香港,1665
关楚耀,香港,1489
谷德昭,香港,1702
顾冠忠,香港,739
葛民辉,香港,1364
关浩扬,香港,919
关海山,香港,1214
关宝慧,香港,1199
国明,香港,1592
郭蔼明,香港,1569
郭嘉文,香港,1259
关键,香港,1979
高飞,香港,1845
韩马利,香港,843
黄国伦,香港,1877
黄光亮,香港,1623
胡耀辉,香港,863
黄伊汶,香港,1102
胡蓓蔚,香港,956
黄淑仪,香港,1008
胡枫,香港,1780
黄百鸣,香港,1788
黄嘉乐,香港,845
黄俊铭,香港,1367
黄莺,香港,1904
洪卓立,香港,1678
黄长兴,香港,729
黄欣,香港,1796
黄旭熙,香港,1649
黄沾,香港,1797
黄志伟,香港,1954
黄敏奕,香港,1178
黄志强,香港,1943
何艳娟,香港,961
洪诗,香港,1155
黄家强,香港,1674
黃德斌,香港,1775
金霏,香港,1777
嘉骏,香港,1729
江华,香港,1875
江荣晖,香港,778
可宜,香港,1421
林子祥,香港,1776
林忆莲,香港,1630
楼南光,香港,1213
陆永,香港,1935
李丽丽,香港,1824
罗乐林,香港,1216
李心洁,香港,1740
李雪莹,香港,1080
连晋,香港,1810
李玟,香港,1563
雷宇扬,香港,894
林芊妤,香港,1339
林晓峰,香港,1924
李克勤,香港,1749
刘永,香港,1902
李绮红,香港,1711
乐基儿,香港,1492
刘丹,香港,1609
黎美娴,香港,1828
鲁芬,香港,922
刘永健,香港,1006
刘美君,香港,1950
林景弘,香港,1010
林海峰,香港,1952
林楷,香港,1502
刘镇伟,香港,1689
刘家辉,香港,1726
李枫,香港,1950
罗霖,香港,1603
卢冠廷,香港,1838
刘以达,香港,964
林翠,香港,1473
梁小冰,香港,1636
刘桂芳,香港,1518
林夕,香港,1734
刘俐,香港,1541
刘雅丽,香港,880
罗天宇,香港,1111
李泽楷,香港,1431
刘素芳,香港,1409
李爱,香港,1912
梁文道,香港,1742
李兴华,香港,1866
刘美娟,香港,1077
刘月,香港,1932
刘一帆,台湾,1563
林国斌,香港,1578
雷颂德,香港,1550
李海生,香港,1141
马米高,香港,1380
梅艳芳,香港,991
麦家琪,香港,1540
马蹄露,香港,806
苗可秀,香港,1219
麦浚龙,香港,1760
倪震,香港,1523
钱国伟,香港,1179
任晴佳,香港,1108
商天娥,香港,1500
苏永康,香港,1831
石天,香港,1739
苏民峰,香港,1121
沈怡,香港,1952
沈殿霞,香港,1593
孙慧雪,香港,896
沈威,香港,1664
舒月,香港,842
汤盈盈,香港,1837
Twins,香港,1706
陶大宇,香港,1723
唐鹤德,香港,1339
吴耀汉,香港,1657
吴雨霏,香港,1724
王喜,香港,1846
汪圆圆,香港,1730
汪琳,香港,877
魏秋桦,香港,987
汪诗诗,香港,1575
吴美珩,香港,911
王志安,香港,1935
王晓君,香港,955
王洁,香港,1912
汪盛,香港,920
吴婉芳,香港,1334
王德基,香港,1831
文峰,香港,1922
许志安,香港,1543
徐小明,香港,1951
谢婷婷,香港,1614
许冠文,香港,1960
薛家燕,香港,1819
徐子淇,香港,1403
夏萍,香港,1936
徐荣,香港,1951
雪妮,香港,1894
谢东闵,香港,841
徐濠萦,香港,1619
小肥,香港,1832
夏春秋,香港,1938
许靖韵,香港,1519
许鞍华,香港,1716
袁洁莹,香港,1498
原子鏸,香港,771
叶翠翠,香港,1607
杨阳洋,香港,1651
袁和平,香港,1666
扬明,香港,1718
姚兵,香港,1053
元奎,香港,1965
姚嘉,香港,1368
姚乐怡,香港,1180
尤情,香港,1747
杨群,香港,1947
叶世荣,香港,1808
雨书,香港,1756
应智越,香港,771
袁澧林,香港,1190
叶准,香港,1305
杨盼盼,香港,1765
杨天宇,香港,855
野子,香港,1734
甄妮,香港,1817
赵学而,香港,1153
张建声,香港,847
张达明,香港,1868
周家怡,香港,814
周志文,香港,819
曾伟权,香港,1083
庄思明,香港,1087
朱慧敏,香港,1410
郑丹瑞,香港,1210
曾华倩,香港,1642
周华健,香港,1729
赵雷,香港,1539
张文慈,香港,1330
钟景辉,香港,750
钟淑慧,香港,891
曾敏,香港,1957
诸葛梓岐,香港,1384
曾海昌,香港,959
张小娴,香港,1762
张天,香港,1768
周聪,香港,1748
霍建华,台湾,1361
张钧甯,台湾,1763
林子闳,台湾,1391
陈妍希,台湾,1427
马振桓,台湾,1281
李宗霖,台湾,1432
陈乔恩,台湾,1395
宋芸桦,台湾,1555
邵雨薇,台湾,1593
林心如,台湾,1318
任言恺,台湾,1526
欧阳娜娜,台湾,1409
郭碧婷,台湾,1442
赵又廷,台湾,1486
何润东,台湾,1548
任容萱,台湾,1711
宇宙,台湾,1759
林志玲,台湾,1316
周杰伦,台湾,1517
邱泽,台湾,1516
昆凌,台湾,1405
连晨翔,台湾,942
瑞莎,台湾,1659
杜天皓,台湾,1464
芮娜,台湾,1419
汪东城,台湾,1663
舒淇,台湾,1178
应采儿,台湾,1540
释小龙,台湾,1395
言承旭,台湾,1521
杨祐宁,台湾,924
李玉玺,台湾,1199
李威,台湾,1770
明道,台湾,1572
寇世勋,台湾,1741
郑元畅,台湾,1591
沈建宏,台湾,1260
安以轩,台湾,1465
萧敬腾,台湾,1621
炎亚纶,台湾,1582
曾沛慈,台湾,1737
任贤齐,台湾,1657
隋棠,台湾,1618
苏有朋,台湾,1603
柯佳嬿,台湾,1699
高以翔,台湾,1669
殷悦,台湾,1434
谢依霖,台湾,1574
潘仪君,台湾,1102
苏见信,台湾,1547
柯有伦,台湾,1696
陈威翰,台湾,1086
康康,台湾,1823
王耀庆,台湾,1526
王大陆,台湾,1529
彭于晏,台湾,1373
郭采洁,台湾,1426
张晨光,台湾,1621
赵文瑄,台湾,1700
文雨非,台湾,853
贾静雯,台湾,1385
阮经天,台湾,1558
陈奕,台湾,1661
文淇,台湾,1096
李凯馨,台湾,1466
吴奇隆,台湾,1300
简远信,台湾,1084
黄维德,台湾,1630
张轩睿,台湾,1631
徐洁儿,台湾,1533
贺军翔,台湾,1635
唐禹哲,台湾,1666
陈柏融,台湾,1433
邱胜翊,台湾,1665
陈楚河,台湾,1615
锦荣,台湾,1687
Teddy,台湾,1892
黄伟晋,台湾,904
金士杰,台湾,1593
张震,台湾,1454
陈柏霖,台湾,1527
吴中天,台湾,1220
张庭,台湾,1505
郭雪芙,台湾,1531
凤小岳,台湾,1837
林依晨,台湾,1517
李鸿其,台湾,1496
周晓涵,台湾,1105
林柏宏,台湾,1649
欧阳妮妮,台湾,1787
蔡依林,台湾,1366
焦恩俊,台湾,1547
刘德凯,台湾,1699
李立群,台湾,1772
江祖平,台湾,1740
江语晨,台湾,1444
欧弟,台湾,1491
安钧璨,台湾,1248
田中千绘,台湾,1099
黄柏钧,台湾,1093
林佑威,台湾,1245
陈薇,台湾,1513
白歆惠,台湾,1626
范逸臣,台湾,1858
田丽,台湾,1510
邱心志,台湾,1831
郭品超,台湾,1667
胡因梦,台湾,1371
黄文豪,台湾,1184
小甜甜,台湾,1683
安心亚,台湾,1609
林宥嘉,台湾,1476
易柏辰,台湾,1461
常铖,台湾,1218
修杰楷,台湾,1392
倪安东,台湾,1019
陈德修,台湾,975
丁文琪,台湾,1553
王以纶,台湾,1611
官鸿,台湾,1550
王阳明,台湾,1452
洪小铃,台湾,1418
辰亦儒,台湾,1537
李程彬,台湾,1575
屈中恒,台湾,930
郝劭文,台湾,1560
温升豪,台湾,1729
王棠云,台湾,1308
潘玮柏,台湾,1324
葛蕾,台湾,1650
陈亦飞,台湾,1198
桂纶镁,台湾,1531
林韦君,台湾,1545
林志颖,台湾,1276
周渝民,台湾,945
黄少祺,台湾,1479
潘迎紫,台湾,1361
阿本,台湾,1864
王思懿,台湾,1665
夏若妍,台湾,1087
连凯,台湾,1867
王力宏,台湾,1460
林嘉欣,台湾,1699
归亚蕾,台湾,1698
李李仁,台湾,1268
许玮甯,台湾,1485
李毓芬,台湾,1647
苟芸慧,台湾,1614
包小柏,台湾,1347
杨丽菁,台湾,1565
关颖,台湾,1643
郭书瑶,台湾,1656
陈庭妮,台湾,1691
张玉嬿,台湾,1309
陈立农,台湾,1863
陈匡怡,台湾,974
魏蔓,台湾,776
范玮琪,台湾,1533
林青霞,台湾,1325
徐若瑄,台湾,1223
杨丞琳,台湾,1466
徐嘉苇,台湾,748
谢欣颖,台湾,1099
许富翔,台湾,1533
高凌风,台湾,1666
陈建州,台湾,1763
徐熙媛,台湾,1593
张榕容,台湾,1599
谢和弦,台湾,935
刘以豪,台湾,1790
张国柱,台湾,1596
赖煜哲,台湾,1093
金燕玲,台湾,1673
张韶涵,台湾,1269
吴克群,台湾,1680
亚里,台湾,1927
赖雅妍,台湾,1794
萧亚轩,台湾,1523
戴立忍,台湾,1565
许雅钧,台湾,1611
伊能静,台湾,1441
谢祖武,台湾,1678
许凯皓,台湾,735
张睿家,台湾,1082
张孝全,台湾,1682
金城武,台湾,1483
朱孝天,台湾,1465
易恩,台湾,1219
蔡淑臻,台湾,1190
高捷,台湾,1896
林逸欣,台湾,1420
小煜,台湾,1653
刘乐妍,台湾,740
谢盈萱,台湾,997
刘瑞琪,台湾,1733
张艾嘉,台湾,1565
赖琳恩,台湾,959
叶全真,台湾,1327
秦汉,台湾,1741
吴可熙,台湾,1122
陈汉典,台湾,1774
王传一,台湾,1282
陈语安,台湾,1148
立威廉,台湾,1738
陈嘉桦,台湾,1733
田馥甄,台湾,1525
猪哥亮,台湾,1839
俞小凡,台湾,1720
王思平,台湾,848
张勋杰,台湾,963
陈志朋,台湾,1512
风田,台湾,1397
天心,台湾,1877
小小彬,台湾,1740
吴佩慈,台湾,1432
王心凌,台湾,1477
曾之乔,台湾,1706
范晓萱,台湾,1623
江宏恩,台湾,1125
张行,台湾,1874
蔡旻佑,台湾,858
陈怡蓉,台湾,1665
曹华恩,台湾,969
许光汉,台湾,1498
张景岚,台湾,1136
徐熙娣,台湾,1686
海狗,台湾,1672
朱主爱,台湾,1609
杨谨华,台湾,1851
庹宗华,台湾,1474
蔡维泽,台湾,1567
周凯文,台湾,1019
孟广美,台湾,1385
孙兴,台湾,1883
刘若英,台湾,1513
周子瑜,台湾,1626
姬天语,台湾,779
陈羽凡,台湾,1283
阿Ken,台湾,1785
萧蔷,台湾,1395
姚元浩,台湾,1511
蓝心湄,台湾,1615
金超群,台湾,1486
施羽,台湾,833
陈昭荣,台湾,1224
傅雷,台湾,1653
费翔,台湾,1588
黄立行,台湾,1437
王宇婕,台湾,923
李志希,台湾,764
邓丽君,台湾,1392
阿喜,台湾,1624
马景涛,台湾,1444
陈德容,台湾,1370
黄牛,台湾,1778
宫以腾,台湾,1078
龙隆,台湾,988
方志友,台湾,981
王灿,台湾,1469
孙燕姿,台湾,1481
徐佳莹,台湾,1557
曾恺玹,台湾,1568
杨千霈,台湾,1109
关诗敏,台湾,911
简嫚书,台湾,1101
许韶洋,台湾,1607
张信哲,台湾,1735
王家梁,台湾,953
吴辰君,台湾,1927
吴倩莲,台湾,1637
Selina,台湾,1541
阿雅,台湾,1690
王彩桦,台湾,910
艾伟,台湾,1051
杨贵媚,台湾,1121
林若亚,台湾,822
杨一展,台湾,1030
贺一航,台湾,1256
张佩华,台湾,1122
吴大维,台湾,1854
蔡健雅,台湾,1641
陈冠霖,台湾,1472
李罗,台湾,777
赖冠霖,台湾,1393
BY2,台湾,951
林妍柔,台湾,788
萧淑慎,台湾,1274
林美秀,台湾,779
安哲,台湾,1795
张芯瑜,台湾,774
陈为民,台湾,1451
李维维,台湾,1180
郑人硕,台湾,786
李国毅,台湾,1261
李佳颖,台湾,1846
侯佩岑,台湾,1476
秦风,台湾,1772
吴宗宪,台湾,1694
卓依婷,台湾,1700
蓝正龙,台湾,1759
阿信,台湾,1638
赵传,台湾,1845
王道,台湾,1942
蔡康永,台湾,1622
大飞,台湾,1699
孙耀威,台湾,1666
江淑娜,台湾,1033
素珠,台湾,1567
翁滋蔓,台湾,1085
郑家榆,台湾,1317
赵擎,台湾,752
曾宝仪,台湾,1586
张惠妹,台湾,1516
丁当,台湾,1781
小彬彬,台湾,1577
刘谦,台湾,1501
林熙蕾,台湾,1359
喻虹渊,台湾,954
安祐德,台湾,790
阿竿,台湾,1138
阿端,台湾,1269
阿国,台湾,1914
班杰,台湾,1017
巴戈,台湾,1193
白润音,台湾,1430
陈武康,台湾,750
蔡诗芸,台湾,1297
陈慕,台湾,1307
柴智屏,台湾,1756
陈芳语,台湾,1433
陈志强,台湾,1969
陈国富,台湾,1910
陈宇,台湾,1882
陈妤,台湾,848
窦智孔,台湾,1056
丁春诚,台湾,842
大牙,台湾,1482
丁强,台湾,1496
范植伟,台湾,1110
傅孟柏,台湾,891
方文山,台湾,1722
郭静,台湾,1793
怪兽,台湾,1674
戈伟如,台湾,902
冠佑,台湾,1590
鼓鼓,台湾,1751
顾琛,台湾,841
高鸣,台湾,1033
郝邵文,台湾,1500
黄远,台湾,1958
黄品源,台湾,1881
黄嘉千,台湾,1498
黄子佼,台湾,1690
胡慧中,台湾,1679
黄志玮,台湾,1155
黄玉荣,台湾,1232
黄柏语,台湾,876
黄得峯,台湾,1325
胡德夫,台湾,1321
江宏杰,台湾,1193
焦曼婷,台湾,1418
姜育恒,台湾,1837
江明,台湾,1948
井莉,台湾,743
柯受良,台湾,1794
寇乃馨,台湾,1534
柯俊雄,台湾,1226
林志炫,台湾,1708
李宗盛,台湾,1473
刘畊宏,台湾,1522
林瑞阳,台湾,1432
李康生,台湾,989
李勇,台湾,1878
林采缇,台湾,1555
雷洪,台湾,1303
李烈,台湾,1886
林炜,台湾,1931
李燕,台湾,1907
李天竹,台湾,1819
李靓蕾,台湾,1375
李圣杰,台湾,1671
卢广仲,台湾,1622
林涵,台湾,1684
李婷宜,台湾,1074
利菁,台湾,1037
刘立中,台湾,1635
林晓培,台湾,775
李安,台湾,1577
雷蒙,台湾,1605
孟耿如,台湾,1184
孟庭苇,台湾,1686
马如龙,台湾,1791
玛莎,台湾,1834
穆熙妍,台湾,946
梅芳,台湾,1961
民雄,台湾,1551
纳豆,台湾,1755
欧阳娣娣,台湾,815
欧阳靖,台湾,1665
齐秦,台湾,1649
曲家瑞,台湾,955
齐豫,台湾,1755
邱欣怡,台湾,1113
孙阳,台湾,1941
苏达,台湾,1881
石班瑜,台湾,802
陶喆,台湾,1570
唐志中,台湾,1054
唐琪,台湾,1324
王者心,台湾,977
王皓,台湾,1723
伍佰,台湾,1672
王崧了,台湾,1330
魏骏杰,台湾,1635
王柏杰,台湾,1193
伍思凯,台湾,1953
王道南,台湾,980
王识贤,台湾,948
无脸男,台湾,1165
五月天,台湾,1456
吴亚馨,台湾,1357
王月,台湾,1919
王静莹,台湾,851
王少伟,台湾,1046
吴慷仁,台湾,1793
吴念真,台湾,1052
王瞳,台湾,748
王婉霏,台湾,1009
王伟忠,台湾,1827
韦礼安,台湾,1647
夏紫薇,台湾,1806
许茹芸,台湾,1726
徐俊杰,台湾,881
许维恩,台湾,1242
徐怀钰,台湾,1654
许路儿,台湾,1332
谢和铉,台湾,935
熊天平,台湾,1791
辛晓琪,台湾,1794
徐乃麟,台湾,1078
谢金燕,台湾,1549
小马,台湾,1855
喜翔,台湾,1040
杨琪,台湾,1954
杨大为,台湾,1296
叶彤,台湾,1167
袁咏琳,台湾,1866
袁艾菲,台湾,1010
云中岳,台湾,785
尹馨,台湾,1208
叶倩文,台湾,1688
茵芙,台湾,1578
游鸿明,台湾,1825
杨镇,台湾,1920
杨烈,台湾,874
伊正,台湾,1305
亚菲,台湾,1446
殷琦,台湾,801
岳翎,台湾,1440
于真,台湾,1593
袁惟仁,台湾,1728
禹安,台湾,1311
颜家乐,台湾,1336
陈晓娟,台湾,860
于枫,台湾,816
赵小侨,台湾,1252
张琴,台湾,1868
周兴哲,台湾,1707
赵彤,台湾,1944
赵杰,台湾,1906
赵树海,台湾,1205
张书豪,台湾,1418
张震岳,台湾,1667
卓文萱,台湾,1487
张世,台湾,1955
张惠春,台湾,819
朱德刚,台湾,837
张芸京,台湾,1654
张捷,台湾,1927
周汤豪,台湾,1751
张世明,台湾,1199
詹雯婷,台湾,900
苏打绿,台湾,1673
水原希子,日本,1686
池田依来沙,日本,863
染谷将太,日本,1443
石原里美,日本,786
三浦春马,日本,1673
山崎贤人,日本,1616
矢野浩二,日本,1607
真野惠里菜,日本,1535
山田凉介,日本,1743
山田裕贵,日本,816
深津绘里,日本,824
Miyavi,日本,1314
rola,日本,1747
日笠阳子,日本,1657
入山法子,日本,749
Vnna,日本,1268
日野聪,日本,870
入野自由,日本,1071
日向奈奈美,日本,1154
板野友美,日本,1652
冈本多绪,日本,922
筱崎爱,日本,1603
星名美津纪,日本,969
桥本环奈,日本,1348
费沁源,日本,1554
藤井美菜,日本,740
古川雄辉,日本,1544
长泽雅美,日本,1371
二宫和也,日本,1749
桥本爱,日本,1181
天海佑希,日本,1491
未来穗香,日本,1632
二阶堂富美,日本,1238
菊地凛子,日本,1331
黑木真二,日本,749
木村拓哉,日本,1766
武田玲奈,日本,1393
白石麻衣,日本,1507
滨边美波,日本,1559
东出昌大,日本,1747
本乡奏多,日本,1354
菅田将晖,日本,1633
上白石萌音,日本,1144
洼田正孝,日本,1718
神木隆之介,日本,1690
桐谷美玲,日本,1634
菜菜绪,日本,1557
山下智久,日本,1880
渡边直美,日本,1562
斋藤飞鸟,日本,1480
山本美月,日本,1046
新垣结衣,日本,1497
妻夫木聪,日本,1417
中条彩未,日本,1760
坂口健太郎,日本,1566
户田惠梨香,日本,1729
池松壮亮,日本,862
小栗旬,日本,1589
川荣李奈,日本,1053
浅野忠信,日本,1564
上户彩,日本,1654
长谷川博己,日本,922
仓田保昭,日本,1152
小松菜奈,日本,1710
松冈茉优,日本,1676
有村架纯,日本,1546
高山南,日本,1005
藤冈靛,日本,1348
志尊淳,日本,1687
吉沢亮,日本,1433
深田恭子,日本,1738
广濑铃,日本,1887
忽那汐里,日本,740
北村一辉,日本,1254
松井爱莉,日本,1017
樱田通,日本,1221
多部未华子,日本,1131
前田敦子,日本,1702
吉田羊,日本,737
高良健吾,日本,855
黑木瞳,日本,1356
田中真弓,日本,871
安藤樱,日本,1305
原凉子,日本,1071
林原惠美,日本,1122
福山雅治,日本,1730
北川景子,日本,1591
饭丰万理江,日本,798
藤原龙也,日本,1411
渡边谦,日本,1668
松重丰,日本,1272
赤西仁,日本,1698
吉高由里子,日本,1436
柏原崇,日本,1433
满岛光,日本,1633
黑木华,日本,1246
水岛宏,日本,747
千叶雄大,日本,1666
佐佐木希,日本,1653
新井浩文,日本,963
井上真央,日本,1540
中井和哉,日本,1110
小池荣子,日本,897
池内博之,日本,879
绫野刚,日本,1744
真田广之,日本,1276
福士苍汰,日本,1665
木村文乃,日本,1063
刚力彩芽,日本,1269
竹内凉真,日本,1682
土屋太凤,日本,1716
松田元太,日本,1095
悠木碧,日本,1779
大谷育江,日本,826
太贺,日本,966
杉咲花,日本,740
新木优子,日本,1604
渡边麻友,日本,1625
尾野真千子,日本,950
小田切让,日本,1612
中野良子,日本,1055
野村周平,日本,1200
小山力也,日本,1236
宫泽理惠,日本,1111
小林薰,日本,1019
竹内结子,日本,1572
小芝风花,日本,868
北野武,日本,1419
本田翼,日本,1783
真木阳子,日本,1022
林遣都,日本,1539
高畑充希,日本,1592
阿部宽,日本,1800
佐藤健,日本,1672
小栗有以,日本,999
山口胜平,日本,1522
横滨流星,日本,1109
沟端淳平,日本,734
铃木保奈美,日本,1235
栗山千明,日本,1495
大泽隆夫,日本,883
高仓健,日本,1620
黑川明人,日本,1150
丰川悦司,日本,729
高桥一生,日本,1740
与座重理久,日本,788
比嘉爱未,日本,1065
木村佳乃,日本,1271
绫濑遥,日本,1551
千眼美子,日本,1053
冈田将生,日本,1481
吉永小百合,日本,1534
真剑佑,日本,1622
坂本真绫,日本,1581
柴崎幸,日本,1454
西野七濑,日本,1609
瑛太,日本,1827
滨崎步,日本,1506
井上喜久子,日本,764
优香,日本,1729
波瑠,日本,1133
中川大志,日本,945
早见沙织,日本,1610
大原惠,日本,913
松坂桃李,日本,1604
石田百合子,日本,970
岛崎遥香,日本,1746
玉城Tina,日本,1410
miwa,日本,1708
铃木伸之,日本,789
龟梨和也,日本,1725
广末凉子,日本,1647
松田翔太,日本,1392
花泽香菜,日本,1794
AKB48,日本,1850
及川光博,日本,901
吉濑美智子,日本,970
堺雅人,日本,1683
川口春奈,日本,1526
井浦新,日本,1001
成宫宽贵,日本,1168
黑木明纱,日本,1107
大野智,日本,1701
神谷浩史,日本,1778
中岛裕翔,日本,1503
小野大辅,日本,1688
山田孝之,日本,1737
伊藤英明,日本,1007
役所广司,日本,1162
古田新太,日本,775
相武纱季,日本,828
筱原凉子,日本,882
松隆子,日本,1860
关智一,日本,1229
升毅,日本,899
内田有纪,日本,1717
铃木贵之,日本,1419
西岛秀俊,日本,1420
永野芽郁,日本,1559
堀北真希,日本,1495
市川染五郎,日本,772
武井咲,日本,1660
木村光希,日本,1610
东浩,日本,1941
松井玲奈,日本,1443
宫崎葵,日本,1672
福原爱,日本,1103
柳乐优弥,日本,1246
上野树里,日本,1707
小日向文世,日本,1028
千秋,日本,1587
小雪,日本,1693
杉山纪彰,日本,919
水树奈奈,日本,1757
安元洋贵,日本,1184
泽城美雪,日本,1901
长野博,日本,1533
西田敏行,日本,1197
能年玲奈,日本,1694
芦田爱菜,日本,1591
志田未来,日本,1069
夏菜,日本,1422
福原遥,日本,1033
松雪泰子,日本,842
中川翔子,日本,871
茅野爱衣,日本,1782
福山润,日本,1772
佐藤浩市,日本,754
松田龙平,日本,1528
田中丽奈,日本,1064
菅野美穗,日本,1070
冈田义德,日本,1344
竹野内丰,日本,1883
生田绘梨花,日本,1566
安达佑实,日本,918
BABYMETAL,日本,1005
柄本明,日本,755
百百麻子,日本,1076
大泉洋,日本,1008
大仓孝二,日本,745
渡部建,日本,864
大草理乙子,日本,1523
渡部笃郎,日本,935
丰崎爱生,日本,1190
芳根京子,日本,955
福正志,日本,1740
高木涉,日本,747
广濑爱丽丝,日本,769
宫藤官九郎,日本,784
高杉真宙,日本,785
宫崎骏,日本,1157
冈田准一,日本,1287
横浜流星,日本,732
江口洋介,日本,1585
吉冈里帆,日本,895
津田健次郎,日本,1195
井上和彦,日本,1082
铃木京香,日本,998
浪川大辅,日本,1536
濑户康史,日本,893
礼内幸太,日本,1527
铃木爱理,日本,1487
玛姬,日本,1906
木野花,日本,1436
平手友梨奈,日本,1404
泉里香,日本,1004
浅田真央,日本,1689
松坂庆子,日本,1038
山本彩,日本,1426
山下大辉,日本,872
室毅,日本,934
森川葵,日本,761
松井珠理奈,日本,1755
生驹里奈,日本,875
松冈祯丞,日本,1829
森久保祥太郎,日本,982
山寺宏一,日本,1182
石田彰,日本,1627
山田优,日本,1108
松本润,日本,1725
矢岛舞美,日本,863
市村正亲,日本,792
堂本刚,日本,1866
田中裕子,日本,1090
太田梦莉,日本,794
田中圭,日本,1613
藤原纪香,日本,1631
藤原启治,日本,779
田中树,日本,883
王友良,日本,915
丸山隆平,日本,753
小泉今日子,日本,1138
篠田麻里子,日本,1700
小野贤章,日本,1273
香取慎吾,日本,1201
小宫有纱,日本,1041
小松和重,日本,895
夏帆,日本,1763
兴津和幸,日本,767
县森鱼,日本,759
小野洋子,日本,1719
新海诚,日本,1410
星野源,日本,1656
小西克幸,日本,1246
向井理,日本,1199
香里奈,日本,1012
樱井孝宏,日本,1596
原日出子,日本,895
远藤宪一,日本,904
野野澄花,日本,1646
野田洋次郎,日本,1094
樱井翔,日本,1749
有马稻子,日本,1255
岩田刚典,日本,1050
竹财辉之助,日本,804
真岛秀和,日本,1495
中井贵一,日本,938
中村悠一,日本,1581
斋藤工,日本,1528
中村靖日,日本,1623
竹中直人,日本,939
相叶雅纪,日本,1720
李钟硕,韩国,1547
宋仲基,韩国,1419
池昌旭,韩国,1634
林允儿,韩国,1549
宋慧乔,韩国,1413
李敏镐,韩国,1423
秋瓷炫,韩国,1382
安宰贤,韩国,1484
朴信惠,韩国,1497
李建,韩国,1931
孔晓振,韩国,1828
郑智薰,韩国,1733
李智恩,韩国,1770
宋智孝,韩国,1575
郑秀晶,韩国,1518
李宝英,韩国,1689
鲁敏宇,韩国,1457
李准基,韩国,1613
李多海,韩国,1312
苏志燮,韩国,1584
申世景,韩国,1747
李贤宰,韩国,1345
柳俊烈,韩国,1677
朴海镇,韩国,1555
李玹雨,韩国,1626
朴敏英,韩国,1628
李源根,韩国,1532
柳演锡,韩国,1860
李圣经,韩国,1636
孙艺珍,韩国,1392
盛骏,韩国,1565
龙俊亨,韩国,1745
吴世勋,韩国,930
尹相铉,韩国,783
尹施允,韩国,1592
宋承宪,韩国,1389
金宇彬,韩国,1507
金秀贤,韩国,1507
玉泽演,韩国,1745
金所炫,韩国,1573
金泰希,韩国,1607
宋昰昀,韩国,870
金桢勋,韩国,1540
I.O.I,韩国,1471
尹宝拉,韩国,1044
iKON,韩国,1786
苏怡贤,韩国,1396
孔刘,韩国,1611
宋再临,韩国,1498
I.B.I,韩国,1263
洪宗玄,韩国,1596
孔明,韩国,1839
任时完,韩国,1170
韩志旼,韩国,1752
Red Velvet,韩国,1809
孔升妍,韩国,1173
林湖,韩国,1930
Ray Yang,韩国,810
瑞雨,韩国,1857
任瑟雍,韩国,1082
任昌均,韩国,789
金智媛,韩国,1579
赵寅成,韩国,1505
姜敏赫,韩国,1695
金明洙,韩国,1773
朴宝英,韩国,1595
裴秀智,韩国,1644
朴宝剑,韩国,1609
朴所罗门,韩国,1471
EXO,韩国,1270
崔振赫,韩国,1898
边伯贤,韩国,1821
朴灿烈,韩国,1701
权志龙,韩国,1199
全智贤,韩国,1308
韩孝周,韩国,1605
南柱赫,韩国,1444
玄彬,韩国,1597
朱相昱,韩国,1377
陈世妍,韩国,1728
金泰焕,韩国,1427
张娜拉,韩国,1515
姜素拉,韩国,1656
朴炯植,韩国,1636
韩彩英,韩国,1557
刘亚仁,韩国,1498
河智苑,韩国,1663
金高银,韩国,1584
韩艺瑟,韩国,1655
李秉宪,韩国,1656
车太贤,韩国,1752
池珍熙,韩国,1651
朴昭妍,韩国,1707
刘宪华,韩国,1687
高雅拉,韩国,1805
崔旻,韩国,912
姜河那,韩国,1665
金珉锡,韩国,1747
王嘉尔,韩国,1724
徐仁国,韩国,1724
林珍娜,韩国,1410
金喜善,韩国,1497
金圣柱,韩国,1652
朴河宣,韩国,1174
李光洙,韩国,1623
郑仁仙,韩国,979
李侑菲,韩国,1616
林智妍,韩国,1249
白珍熙,韩国,1490
李惠利,韩国,1588
郑恩地,韩国,1742
金釉利,韩国,836
李世英,韩国,1851
朴施厚,韩国,1699
李承铉,韩国,1823
金素妍,韩国,1907
文晸赫,韩国,1362
朱镇模,韩国,1687
金范,韩国,1780
南志铉,韩国,1251
金起范,韩国,1728
文彩元,韩国,1786
崔始源,韩国,1518
丁一宇,韩国,1691
朴素丹,韩国,1109
晋久,韩国,1687
郑敬淏,韩国,1787
李多喜,韩国,1664
洪秀儿,韩国,1166
都暻秀,韩国,1654
金钟国,韩国,1343
李珉廷,韩国,1661
刘仁娜,韩国,1594
权相佑,韩国,1748
林在范,韩国,1758
MOMOLAND,韩国,1667
李东健,韩国,1781
高庚杓,韩国,1367
张瑞希,韩国,1658
PENTAGON,韩国,1805
裴斗娜,韩国,1716
李尚允,韩国,1126
李先彬,韩国,1279
金素恩,韩国,1733
崔丹尼尔,韩国,989
俞承豪,韩国,1690
韩佳人,韩国,1381
金志洙,韩国,1456
周元,韩国,1786
徐康俊,韩国,1631
温流,韩国,1949
权俞利,韩国,1754
金裕贞,韩国,1492
刘智泰,韩国,1311
金来沅,韩国,1706
金宥真,韩国,1467
秦基周,韩国,951
李秀赫,韩国,1651
韩智恩,韩国,1167
蔡妍,韩国,1658
金在中,韩国,1718
姜智英,韩国,796
金瑟祺,韩国,1107
成勋,韩国,1744
安孝燮,韩国,1619
成东日,韩国,1648
吴妍书,韩国,1159
郑允浩,韩国,1801
郑秀妍,韩国,1730
李栋旭,韩国,1668
南宫民,韩国,996
李昇基,韩国,1721
THE BOYZ,韩国,1810
金赛纶,韩国,1611
郑真英,韩国,875
Unicorn,韩国,1884
Unnies,韩国,1195
郑容和,韩国,1681
VIXX,韩国,1816
崔胜贤,韩国,1642
尹斗俊,韩国,1798
赵显宰,韩国,806
崔智友,韩国,1674
河莉秀,韩国,1582
刘承俊,韩国,1506
刘花英,韩国,795
朴有天,韩国,1650
蔡琳,韩国,1484
宝儿,韩国,1863
金敏英,韩国,1575
李正信,韩国,1815
赵允熙,韩国,912
罗海灵,韩国,899
朴瑞俊,韩国,750
秀贤,韩国,1435
朴珍荣,韩国,1742
金南佶,韩国,1701
Stray Kids,韩国,1863
尹恩惠,韩国,1569
朴勋,韩国,864
郑宇,韩国,1841
郑有美,韩国,1767
李诗英,韩国,1578
尹均相,韩国,1231
李相烨,韩国,1255
金智勋,韩国,1030
文根英,韩国,1590
权律,韩国,1710
朴秀珍,韩国,1142
李志勋,韩国,900
朱元,韩国,1449
黄灿盛,韩国,1468
申成禄,韩国,932
李廷镇,韩国,962
马东锡,韩国,1533
徐玄振,韩国,1693
陆星材,韩国,1744
李凡秀,韩国,1112
车胜元,韩国,1742
李沇熹,韩国,1825
孙浩俊,韩国,1022
池贤宇,韩国,1268
李阵郁,韩国,1135
金惠秀,韩国,1703
李荷妮,韩国,1090
王智慧,韩国,1798
朴海秀,韩国,1166
车艺莲,韩国,1278
张根硕,韩国,1545
林周焕,韩国,1165
南琪爱,韩国,1008
姜汉娜,韩国,1332
黄正音,韩国,1624
姜艺媛,韩国,816
金希澈,韩国,1695
林秀香,韩国,1660
延宇振,韩国,1154
申敏儿,韩国,1698
孙娜恩,韩国,1790
姜栋元,韩国,1716
BamBam,韩国,1739
河正宇,韩国,1621
宋允儿,韩国,1591
朱智勋,韩国,1754
李准,韩国,1784
朴成雄,韩国,993
秀爱,韩国,1827
金泰妍,韩国,1639
朴惠敏,韩国,1189
金宣儿,韩国,1564
崔岷植,韩国,1693
李贞贤,韩国,1583
金英光,韩国,1852
罗文姬,韩国,1553
徐睿知,韩国,1554
沈恩京,韩国,990
黄政民,韩国,1754
李政宰,韩国,1762
崔雪莉,韩国,1423
李旼赫,韩国,1004
姜至奂,韩国,838
李德华,韩国,1481
李东辉,韩国,1835
赵震雄,韩国,1199
吕珍九,韩国,1729
河东勋,韩国,1513
郑雨盛,韩国,1706
张远,韩国,1822
李美妍,韩国,1095
李俊昊,韩国,1781
徐英,韩国,1944
赵茹珍,韩国,1010
蔡秀彬,韩国,1299
金素贤,韩国,1140
李弘彬,韩国,843
金亚中,韩国,804
沈昌珉,韩国,1774
蔡贞安,韩国,1089
李英爱,韩国,1433
禹棹奂,韩国,1382
李帝勋,韩国,1601
李宥利,韩国,991
朴韩星,韩国,1032
金智秀,韩国,1208
NCT,韩国,1681
方敏雅,韩国,1673
刘雯,韩国,1379
赵友利,韩国,786
金荷娜,韩国,1730
裴珠泫,韩国,1629
严泰雄,韩国,1114
高修,韩国,1823
池晟,韩国,1774
韩胜妍,韩国,1116
张佑赫,韩国,1782
高贤贞,韩国,1187
郑雄仁,韩国,1075
陈京,韩国,1411
金材昱,韩国,1589
亚历山大,韩国,1876
李起光,韩国,1763
安昭熙,韩国,1730
文皓程,韩国,771
刘仁英,韩国,751
高俊熙,韩国,1447
李大为,韩国,1733
尹汝贞,韩国,1162
延政勋,韩国,1424
张勇,韩国,1784
金海淑,韩国,1106
金知妍,韩国,1750
吴允儿,韩国,974
具惠善,韩国,1534
王霏霏,韩国,1190
孙贤周,韩国,829
金香奇,韩国,1357
裴宗玉,韩国,726
郑素敏,韩国,1690
崔江熙,韩国,904
崔泰俊,韩国,1114
Heize,韩国,1210
李伊庚,韩国,992
崔成国,韩国,1027
李民基,韩国,1743
A Pink,韩国,1872
安偶然,韩国,1064
安吉强,韩国,1750
安七炫,韩国,1774
AOA,韩国,1282
安在旭,韩国,1834
安希妍,韩国,1662
ALEX,韩国,1884
安宥真,韩国,1719
BIGBANG,韩国,1827
BLACK PINK,韩国,1808
Block B,韩国,1823
白智英,韩国,1337
B.A.P,韩国,1297
BTOB,韩国,1773
BewhY,韩国,1109
白宝蓝,韩国,1163
成宥利,韩国,1788
崔珉豪,韩国,1757
崔荣宰,韩国,1674
亨元,韩国,1743
曹承佑,韩国,1671
赵安,韩国,1947
车光洙,韩国,1051
崔珉起,韩国,1403
崔贞媛,韩国,888
CNBLUE,韩国,1847
蔡时那,韩国,722
Cheetah,韩国,1621
崔韩率,韩国,1703
车学沇,韩国,1228
丹尼尔·金,韩国,1034
东永裴,韩国,1703
大卫·田纳特,韩国,751
东方神起,韩国,1736
DIA,韩国,1771
EXID,韩国,1644
Ella Gross,韩国,773
GOT7,韩国,1656
姜熙健,韩国,1023
GFriend,韩国,1743
高小英,韩国,1451
高尹,韩国,1602
高俊,韩国,1476
Girls Day,韩国,1740
郭熙圣,韩国,1402
韩艺璃,韩国,753
河锡辰,韩国,893
韩善花,韩国,1154
韩宝贝,韩国,812
韩智慧,韩国,1787
洪秀贤,韩国,884
韩石圭,韩国,1008
韩相爀,韩国,1395
韩恩贞,韩国,1097
韩英,韩国,1902
黄石正,韩国,1830
洪真英,韩国,1709
韩惠珍,韩国,1611
黄彩媛,韩国,1158
河胜利,韩国,1819
洪知秀,韩国,1664
辉星,韩国,1168
金恩圣,韩国,1659
金允石,韩国,924
金秀炫,韩国,1885
金慧仁,韩国,994
金康宇,韩国,789
金俊勉,韩国,1696
金宝罗,韩国,1466
金泰亨,韩国,1768
金柱赫,韩国,1446
金玟锡,韩国,1165
金圣圭,韩国,1805
金玉彬,韩国,1090
金载沅,韩国,1171
金武烈,韩国,727
金世正,韩国,1735
姜昇润,韩国,1755
金泫雅,韩国,1596
金栽经,韩国,1030
金泰佑,韩国,1087
金泰梨,韩国,1591
金正贤,韩国,1472
金允珍,韩国,798
金青,韩国,1698
金喜爱,韩国,1597
金山浩,韩国,1703
简美妍,韩国,1145
金妍儿,韩国,1605
金钟铉,韩国,910
金素慧,韩国,912
金请夏,韩国,1753
姜虎东,韩国,1881
具荷拉,韩国,1562
金权,韩国,1880
金钟文,韩国,942
金桐俊,韩国,728
金南珠,韩国,1665
金珍具,韩国,1301
金东旭,韩国,1079
金在华,韩国,1641
姜宇,韩国,1405
Jessi,韩国,1829
具在利,韩国,1770
金莎朗,韩国,1261
金旻载,韩国,852
金贤重,韩国,1649
JBJ,韩国,1805
金贤珠,韩国,1570
姜丹尼尔,韩国,1769
金泫静,韩国,1209
金淑,韩国,1116
姜敏京,韩国,1517
艺声,韩国,1805
金民尚,韩国,1065
金泰宇,韩国,771
金敏喜,韩国,1684
金路云,韩国,1538
金厉旭,韩国,1298
金智英,韩国,1349
金正石,韩国,748
金泰韩,韩国,1501
金河均,韩国,1572
金孝珍,韩国,1234
金容仙,韩国,1645
金东永,韩国,980
金孝渊,韩国,1804
卡梅隆·安东尼,韩国,1153
李浩沅,韩国,859
林秀晶,韩国,1739
李瑶媛,韩国,1426
李秀敏,韩国,785
李清娥,韩国,939
刘逸云,韩国,1474
李路,韩国,1962
柳善,韩国,973
胜利,韩国,1958
李美淑,韩国,1111
刘海镇,韩国,837
李熙俊,韩国,818
柳承龙,韩国,1309
刘奇贤,韩国,1108
金秦禹,韩国,1754
廉晶雅,韩国,1103
脸红的思春期,韩国,1815
林艺珍,韩国,855
李星宇,韩国,837
李珠妍,韩国,1249
李俊赫,韩国,907
李昇勋,韩国,1749
李甄,韩国,775
李宗泫,韩国,1723
刘在石,韩国,1754
Lee Ji Yeon,韩国,1062
李善均,韩国,1720
李洪基,韩国,1752
李尚禹,韩国,1481
李絮,韩国,1135
李诗雅,韩国,1062
林奕名,韩国,853
李珠英,韩国,801
lovelyz,韩国,1415
李孝利,韩国,1409
李知勋,韩国,1905
李荷娜,韩国,772
李熙道,韩国,1504
李恩惠,韩国,1077
李东海,韩国,1707
李秀根,韩国,1291
李佳恩,韩国,1328
梁世宗,韩国,1004
李在原,韩国,756
林多荣,韩国,758
李夏怡,韩国,1110
李智雅,韩国,1596
李露朵,韩国,1778
柳英,韩国,1645
李龙大,韩国,1339
刘荷娜,韩国,1406
梁耀燮,韩国,1857
李居丽,韩国,1370
李泰民,韩国,1767
林娜荣,韩国,1326
柳善皓,韩国,1505
Monsta X,韩国,1788
MIXX,韩国,1361
赵美岐,韩国,1017
南多凛,韩国,1107
南相美,韩国,1089
南圭丽,韩国,842
南太铉,韩国,1749
NCT U,韩国,1748
南多愿,韩国,1560
南智贤,韩国,1267
朴志训,韩国,1813
裴涩琪,韩国,1147
卞耀汉,韩国,910
朴宰范,韩国,1678
朴恩惠,韩国,1153
朴秀荣,韩国,1736
朴智妍,韩国,1724
朴山多拉,韩国,1771
朴景丽,韩国,989
朴真熙,韩国,871
朴草娥,韩国,1513
朴宝蓝,韩国,867
朴明秀,韩国,1078
朴海俊,韩国,1211
全慧彬,韩国,1706
庆秀珍,韩国,1741
权五中,韩国,927
全惠珍,韩国,751
全度妍,韩国,1917
全原徹,韩国,1425
全镇基,韩国,1652
强仁,韩国,1550
权珉阿,韩国,974
全昭弥,韩国,1757
全昭旻,韩国,1748
秋所静,韩国,1565
权娜拉,韩国,1659
全茂松,韩国,1084
权玄彬,韩国,868
少女时代,韩国,1946
宋康昊,韩国,1812
Stephanie Lee,韩国,731
申贤俊,韩国,1001
Seventeen,韩国,1790
胜美,韩国,1645
申恩庆,韩国,748
宋闵浩,韩国,1730
孙泰英,韩国,1394
宋万岁,韩国,723
宋一国,韩国,1649
李智慧,韩国,1178
SF9,韩国,1807
申河均,韩国,1579
李顺圭,韩国,1720
水晶男孩,韩国,1721
Super Junior,韩国,1314
宋善美,韩国,882
孙承欢,韩国,1790
申智,韩国,1734
孙佳仁,韩国,1697
SHINee,韩国,1902
Teen Top,韩国,1822
威廉,韩国,1954
吴夏荣,韩国,1717
winner,韩国,1802
Wanna One,韩国,1728
咸恩静,韩国,1732
徐智慧,韩国,1785
薛景求,韩国,1403
学振,韩国,1649
宣仪,韩国,1713
许率智,韩国,922
尹启相,韩国,916
尹胜雅,韩国,734
尹世雅,韩国,783
元真雅,韩国,1441
于玄,韩国,1640
禹智皓,韩国,1562
尹普美,韩国,1720
严正花,韩国,1485
尹素婉,韩国,880
元彬,韩国,1693
银赫,韩国,1747
尹周相,韩国,1136
郑恩彩,韩国,1219
周洁琼,韩国,1582
在熙,韩国,1948
赵敏成,韩国,1505
张东健,韩国,1694
郑多彬,韩国,1568
郑俊浩,韩国,820
张光,韩国,1965
智友,韩国,1805
郑柔美,韩国,1566
郑怡娟,韩国,773
郑珍云,韩国,951
李泰林,韩国,916
张允珠,韩国,731
郑采妍,韩国,1772
赵宝儿,韩国,1717
郑彩妍,韩国,824
郑淳元,韩国,1486
张元英,韩国,1714
郑帝元,韩国,1510
申彗星,韩国,1267
UNIQ,韩国,1721
郑多燕,韩国,1550
赵勇进,韩国,844
郑俊河,韩国,729
赵莲,韩国,1224
中村友理,韩国,799
披拉·尼迪裴善官,泰国,769
杨芸晴,泰国,1665
Poy,泰国,1491
rose,泰国,1862
徐志贤,泰国,1484
托尼·贾,泰国,1461
李海娜,泰国,1666
查侬·散顶腾古,泰国,937
茱蒂蒙·琼查容苏因,泰国,884
小茶,泰国,1762
李紫婷,泰国,1136
Porsche,泰国,1967
Gypso,泰国,999
NanNan,泰国,1327
POP,泰国,1901
Maggie,泰国,1693
马里奥·毛瑞尔,泰国,993
Arm,泰国,1813
Mik,泰国,1684
迪落·童湾纳,泰国,1929
Oil,泰国,1758
彭披·才萍塔,泰国,1688
Captain,泰国,1879
CEE,泰国,1706
